RID,CuisineID
1,2
2,3
3,4
4,5
5,6
6,7
7,8
8,9
9,10
10,11
11,12
12,13
13,14
14,15
15,16
16,17
17,18
18,19
19,20
20,21
21,22
22,23
23,24
24,25
25,26
26,27
27,28
28,29
29,30
30,31
31,32
32,33
33,34
34,35
35,36
36,37
37,38
38,39
39,40
40,41
41,42
42,43
43,44
44,45
45,46
46,47
47,48
48,49
49,50
50,51
51,52
52,53
53,54
54,55
55,56
56,57
57,58
58,59
59,60
60,61
61,62
62,63
63,64
64,65
65,66
66,67
67,68
68,69
69,70
70,71
71,72
72,73
73,74
74,75
75,76
76,77
77,78
78,79
79,80
80,81
81,82
82,83
83,84
84,85
85,86
86,87
87,88
88,89
89,90
90,91
91,92
92,1
93,2
94,3
95,4
96,5
97,6
98,7
99,8
100,9
101,10
102,11
103,12
104,13
105,14
106,15
107,16
108,17
109,18
110,19
111,20
112,21
113,22
114,23
115,24
116,25
117,26
118,27
119,28
120,29
121,30
122,31
123,32
124,33
125,34
126,35
127,36
128,37
129,38
130,39
131,40
132,41
133,42
134,43
135,44
136,45
137,46
138,47
139,48
140,49
141,50
142,51
143,52
144,53
145,54
146,55
147,56
148,57
149,58
150,59
151,60
152,61
153,62
154,63
155,64
156,65
157,66
158,67
159,68
160,69
161,70
162,71
163,72
164,73
165,74
166,75
167,76
168,77
169,78
170,79
171,80
172,81
173,82
174,83
175,84
176,85
177,86
178,87
179,88
180,89
181,90
182,91
183,92
184,1
185,2
186,3
187,4
188,5
189,6
190,7
191,8
192,9
193,10
194,11
195,12
196,13
197,14
198,15
199,16
200,17
201,18
202,19
203,20
204,21
205,22
206,23
207,24
208,25
209,26
210,27
211,28
212,29
213,30
214,31
215,32
216,33
217,34
218,35
219,36
220,37
221,38
222,39
223,40
224,41
225,42
226,43
227,44
228,45
229,46
230,47
231,48
232,49
233,50
234,51
235,52
236,53
237,54
238,55
239,56
240,57
241,58
242,59
243,60
244,61
245,62
246,63
247,64
248,65
249,66
250,67
251,68
252,69
253,70
254,71
255,72
256,73
257,74
258,75
259,76
260,77
261,78
262,79
263,80
264,81
265,82
266,83
267,84
268,85
269,86
270,87
271,88
272,89
273,90
274,91
275,92
276,1
277,2
278,3
279,4
280,5
281,6
282,7
283,8
284,9
285,10
286,11
287,12
288,13
289,14
290,15
291,16
292,17
293,18
294,19
295,20
296,21
297,22
298,23
299,24
300,25
301,26
302,27
303,28
304,29
305,30
306,31
307,32
308,33
309,34
310,35
311,36
312,37
313,38
314,39
315,40
316,41
317,42
318,43
319,44
320,45
321,46
322,47
323,48
324,49
325,50
326,51
327,52
328,53
329,54
330,55
331,56
332,57
333,58
334,59
335,60
336,61
337,62
338,63
339,64
340,65
341,66
342,67
343,68
344,69
345,70
346,71
347,72
348,73
349,74
350,75
351,76
352,77
353,78
354,79
355,80
356,81
357,82
358,83
359,84
360,85
361,86
362,87
363,88
364,89
365,90
366,91
367,92
368,1
369,2
370,3
371,4
372,5
373,6
374,7
375,8
376,9
377,10
378,11
379,12
380,13
381,14
382,15
383,16
384,17
385,18
386,19
387,20
388,21
389,22
390,23
391,24
392,25
393,26
394,27
395,28
396,29
397,30
398,31
399,32
400,33
401,34
402,35
403,36
404,37
405,38
406,39
407,40
408,41
409,42
410,43
411,44
412,45
413,46
414,47
415,48
416,49
417,50
418,51
419,52
420,53
421,54
422,55
423,56
424,57
425,58
426,59
427,60
428,61
429,62
430,63
431,64
432,65
433,66
434,67
435,68
436,69
437,70
438,71
439,72
440,73
441,74
442,75
443,76
444,77
445,78
446,79
447,80
448,81
449,82
450,83
451,84
452,85
453,86
454,87
455,88
456,89
457,90
458,91
459,92
460,1
461,2
462,3
463,4
464,5
465,6
466,7
467,8
468,9
469,10
470,11
471,12
472,13
473,14
474,15
475,16
476,17
477,18
478,19
479,20
480,21
481,22
482,23
483,24
484,25
485,26
486,27
487,28
488,29
489,30
490,31
491,32
492,33
493,34
494,35
495,36
496,37
497,38
498,39
499,40
500,41
501,42
502,43
503,44
504,45
505,46
506,47
507,48
508,49
509,50
510,51
511,52
512,53
513,54
514,55
515,56
516,57
517,58
518,59
519,60
520,61
521,62
522,63
523,64
524,65
525,66
526,67
527,68
528,69
529,70
530,71
531,72
532,73
533,74
534,75
535,76
536,77
537,78
538,79
539,80
540,81
541,82
542,83
543,84
544,85
545,86
546,87
547,88
548,89
549,90
550,91
551,92
552,1
553,2
554,3
555,4
556,5
557,6
558,7
559,8
560,9
561,10
562,11
563,12
564,13
565,14
566,15
567,16
568,17
569,18
570,19
571,20
572,21
573,22
574,23
575,24
576,25
577,26
578,27
579,28
580,29
581,30
582,31
583,32
584,33
585,34
586,35
587,36
588,37
589,38
590,39
591,40
592,41
593,42
594,43
595,44
596,45
597,46
598,47
599,48
600,49
601,50
602,51
603,52
604,53
605,54
606,55
607,56
608,57
609,58
610,59
611,60
612,61
613,62
614,63
615,64
616,65
617,66
618,67
619,68
620,69
621,70
622,71
623,72
624,73
625,74
626,75
627,76
628,77
629,78
630,79
631,80
632,81
633,82
634,83
635,84
636,85
637,86
638,87
639,88
640,89
641,90
642,91
643,92
644,1
645,2
646,3
647,4
648,5
649,6
650,7
651,8
652,9
653,10
654,11
655,12
656,13
657,14
658,15
659,16
660,17
661,18
662,19
663,20
664,21
665,22
666,23
667,24
668,25
669,26
670,27
671,28
672,29
673,30
674,31
675,32
676,33
677,34
678,35
679,36
680,37
681,38
682,39
683,40
684,41
685,42
686,43
687,44
688,45
689,46
690,47
691,48
692,49
693,50
694,51
695,52
696,53
697,54
698,55
699,56
700,57
701,58
702,59
703,60
704,61
705,62
706,63
707,64
708,65
709,66
710,67
711,68
712,69
713,70
714,71
715,72
716,73
717,74
718,75
719,76
720,77
721,78
722,79
723,80
724,81
725,82
726,83
727,84
728,85
729,86
730,87
731,88
732,89
733,90
734,91
735,92
736,1
737,2
738,3
739,4
740,5
741,6
742,7
743,8
744,9
745,10
746,11
747,12
748,13
749,14
750,15
751,16
752,17
753,18
754,19
755,20
756,21
757,22
758,23
759,24
760,25
761,26
762,27
763,28
764,29
765,30
766,31
767,32
768,33
769,34
770,35
771,36
772,37
773,38
774,39
775,40
776,41
777,42
778,43
779,44
780,45
781,46
782,47
783,48
784,49
785,50
786,51
787,52
788,53
789,54
790,55
791,56
792,57
793,58
794,59
795,60
796,61
797,62
798,63
799,64
800,65
801,66
802,67
803,68
804,69
805,70
806,71
807,72
808,73
809,74
810,75
811,76
812,77
813,78
814,79
815,80
816,81
817,82
818,83
819,84
820,85
821,86
822,87
823,88
824,89
825,90
826,91
827,92
828,1
829,2
830,3
831,4
832,5
833,6
834,7
835,8
836,9
837,10
838,11
839,12
840,13
841,14
842,15
843,16
844,17
845,18
846,19
847,20
848,21
849,22
850,23
851,24
852,25
853,26
854,27
855,28
856,29
857,30
858,31
859,32
860,33
861,34
862,35
863,36
864,37
865,38
866,39
867,40
868,41
869,42
870,43
871,44
872,45
873,46
874,47
875,48
876,49
877,50
878,51
879,52
880,53
881,54
882,55
883,56
884,57
885,58
886,59
887,60
888,61
889,62
890,63
891,64
892,65
893,66
894,67
895,68
896,69
897,70
898,71
899,72
900,73
901,74
902,75
903,76
904,77
905,78
906,79
907,80
908,81
909,82
910,83
911,84
912,85
913,86
914,87
915,88
916,89
917,90
918,91
919,92
920,1
921,2
922,3
923,4
924,5
925,6
926,7
927,8
928,9
929,10
930,11
931,12
932,13
933,14
934,15
935,16
936,17
937,18
938,19
939,20
940,21
941,22
942,23
943,24
944,25
945,26
946,27
947,28
948,29
949,30
950,31
951,32
952,33
953,34
954,35
955,36
956,37
957,38
958,39
959,40
960,41
961,42
962,43
963,44
964,45
965,46
966,47
967,48
968,49
969,50
970,51
971,52
972,53
973,54
974,55
975,56
976,57
977,58
978,59
979,60
980,61
981,62
982,63
983,64
984,65
985,66
986,67
987,68
988,69
989,70
990,71
991,72
992,73
993,74
994,75
995,76
996,77
997,78
998,79
999,80
1000,81
1001,82
1002,83
1003,84
1004,85
1005,86
1006,87
1007,88
1008,89
1009,90
1010,91
1011,92
1012,1
1013,2
1014,3
1015,4
1016,5
1017,6
1018,7
1019,8
1020,9
1021,10
1022,11
1023,12
1024,13
1025,14
1026,15
1027,16
1028,17
1029,18
1030,19
1031,20
1032,21
1033,22
1034,23
1035,24
1036,25
1037,26
1038,27
1039,28
1040,29
1041,30
1042,31
1043,32
1044,33
1045,34
1046,35
1047,36
1048,37
1049,38
1050,39
1051,40
1052,41
1053,42
1054,43
1055,44
1056,45
1057,46
1058,47
1059,48
1060,49
1061,50
1062,51
1063,52
1064,53
1065,54
1066,55
1067,56
1068,57
1069,58
1070,59
1071,60
1072,61
1073,62
1074,63
1075,64
1076,65
1077,66
1078,67
1079,68
1080,69
1081,70
1082,71
1083,72
1084,73
1085,74
1086,75
1087,76
1088,77
1089,78
1090,79
1091,80
1092,81
1093,82
1094,83
1095,84
1096,85
1097,86
1098,87
1099,88
1100,89
1101,90
1102,91
1103,92
1104,1
1105,2
1106,3
1107,4
1108,5
1109,6
1110,7
1111,8
1112,9
1113,10
1114,11
1115,12
1116,13
1117,14
1118,15
1119,16
1120,17
1121,18
1122,19
1123,20
1124,21
1125,22
1126,23
1127,24
1128,25
1129,26
1130,27
1131,28
1132,29
1133,30
1134,31
1135,32
1136,33
1137,34
1138,35
1139,36
1140,37
1141,38
1142,39
1143,40
1144,41
1145,42
1146,43
1147,44
1148,45
1149,46
1150,47
1151,48
1152,49
1153,50
1154,51
1155,52
1156,53
1157,54
1158,55
1159,56
1160,57
1161,58
1162,59
1163,60
1164,61
1165,62
1166,63
1167,64
1168,65
1169,66
1170,67
1171,68
1172,69
1173,70
1174,71
1175,72
1176,73
1177,74
1178,75
1179,76
1180,77
1181,78
1182,79
1183,80
1184,81
1185,82
1186,83
1187,84
1188,85
1189,86
1190,87
1191,88
1192,89
1193,90
1194,91
1195,92
1196,1
1197,2
1198,3
1199,4
1200,5
1201,6
1202,7
1203,8
1204,9
1205,10
1206,11
1207,12
1208,13
1209,14
1210,15
1211,16
1212,17
1213,18
1214,19
1215,20
1216,21
1217,22
1218,23
1219,24
1220,25
1221,26
1222,27
1223,28
1224,29
1225,30
1226,31
1227,32
1228,33
1229,34
1230,35
1231,36
1232,37
1233,38
1234,39
1235,40
1236,41
1237,42
1238,43
1239,44
1240,45
1241,46
1242,47
1243,48
1244,49
1245,50
1246,51
1247,52
1248,53
1249,54
1250,55
1251,56
1252,57
1253,58
1254,59
1255,60
1256,61
1257,62
1258,63
1259,64
1260,65
1261,66
1262,67
1263,68
1264,69
1265,70
1266,71
1267,72
1268,73
1269,74
1270,75
1271,76
1272,77
1273,78
1274,79
1275,80
1276,81
1277,82
1278,83
1279,84
1280,85
1281,86
1282,87
1283,88
1284,89
1285,90
1286,91
1287,92
1288,1
1289,2
1290,3
1291,4
1292,5
1293,6
1294,7
1295,8
1296,9
1297,10
1298,11
1299,12
1300,13
1301,14
1302,15
1303,16
1304,17
1305,18
1306,19
1307,20
1308,21
1309,22
1310,23
1311,24
1312,25
1313,26
1314,27
1315,28
1316,29
1317,30
1318,31
1319,32
1320,33
1321,34
1322,35
1323,36
1324,37
1325,38
1326,39
1327,40
1328,41
1329,42
1330,43
1331,44
1332,45
1333,46
1334,47
1335,48
1336,49
1337,50
1338,51
1339,52
1340,53
1341,54
1342,55
1343,56
1344,57
1345,58
1346,59
1347,60
1348,61
1349,62
1350,63
1351,64
1352,65
1353,66
1354,67
1355,68
1356,69
1357,70
1358,71
1359,72
1360,73
1361,74
1362,75
1363,76
1364,77
1365,78
1366,79
1367,80
1368,81
1369,82
1370,83
1371,84
1372,85
1373,86
1374,87
1375,88
1376,89
1377,90
1378,91
1379,92
1380,1
1381,2
1382,3
1383,4
1384,5
1385,6
1386,7
1387,8
1388,9
1389,10
1390,11
1391,12
1392,13
1393,14
1394,15
1395,16
1396,17
1397,18
1398,19
1399,20
1400,21
1401,22
1402,23
1403,24
1404,25
1405,26
1406,27
1407,28
1408,29
1409,30
1410,31
1411,32
1412,33
1413,34
1414,35
1415,36
1416,37
1417,38
1418,39
1419,40
1420,41
1421,42
1422,43
1423,44
1424,45
1425,46
1426,47
1427,48
1428,49
1429,50
1430,51
1431,52
1432,53
1433,54
1434,55
1435,56
1436,57
1437,58
1438,59
1439,60
1440,61
1441,62
1442,63
1443,64
1444,65
1445,66
1446,67
1447,68
1448,69
1449,70
1450,71
1451,72
1452,73
1453,74
1454,75
1455,76
1456,77
1457,78
1458,79
1459,80
1460,81
1461,82
1462,83
1463,84
1464,85
1465,86
1466,87
1467,88
1468,89
1469,90
1470,91
1471,92
1472,1
1473,2
1474,3
1475,4
1476,5
1477,6
1478,7
1479,8
1480,9
1481,10
1482,11
1483,12
1484,13
1485,14
1486,15
1487,16
1488,17
1489,18
1490,19
1491,20
1492,21
1493,22
1494,23
1495,24
1496,25
1497,26
1498,27
1499,28
1500,29
1501,30
1502,31
1503,32
1504,33
1505,34
1506,35
1507,36
1508,37
1509,38
1510,39
1511,40
1512,41
1513,42
1514,43
1515,44
1516,45
1517,46
1518,47
1519,48
1520,49
1521,50
1522,51
1523,52
1524,53
1525,54
1526,55
1527,56
1528,57
1529,58
1530,59
1531,60
1532,61
1533,62
1534,63
1535,64
1536,65
1537,66
1538,67
1539,68
1540,69
1541,70
1542,71
1543,72
1544,73
1545,74
1546,75
1547,76
1548,77
1549,78
1550,79
1551,80
1552,81
1553,82
1554,83
1555,84
1556,85
1557,86
1558,87
1559,88
1560,89
1561,90
1562,91
1563,92
1564,1
1565,2
1566,3
1567,4
1568,5
1569,6
1570,7
1571,8
1572,9
1573,10
1574,11
1575,12
1576,13
1577,14
1578,15
1579,16
1580,17
1581,18
1582,19
1583,20
1584,21
1585,22
1586,23
1587,24
1588,25
1589,26
1590,27
1591,28
1592,29
1593,30
1594,31
1595,32
1596,33
1597,34
1598,35
1599,36
1600,37
1601,38
1602,39
1603,40
1604,41
1605,42
1606,43
1607,44
1608,45
1609,46
1610,47
1611,48
1612,49
1613,50
1614,51
1615,52
1616,53
1617,54
1618,55
1619,56
1620,57
1621,58
1622,59
1623,60
1624,61
1625,62
1626,63
1627,64
1628,65
1629,66
1630,67
1631,68
1632,69
1633,70
1634,71
1635,72
1636,73
1637,74
1638,75
1639,76
1640,77
1641,78
1642,79
1643,80
1644,81
1645,82
1646,83
1647,84
1648,85
1649,86
1650,87
1651,88
1652,89
1653,90
1654,91
1655,92
1656,1
1657,2
1658,3
1659,4
1660,5
1661,6
1662,7
1663,8
1664,9
1665,10
1666,11
1667,12
1668,13
1669,14
1670,15
1671,16
1672,17
1673,18
1674,19
1675,20
1676,21
1677,22
1678,23
1679,24
1680,25
1681,26
1682,27
1683,28
1684,29
1685,30
1686,31
1687,32
1688,33
1689,34
1690,35
1691,36
1692,37
1693,38
1694,39
1695,40
1696,41
1697,42
1698,43
1699,44
1700,45
1701,46
1702,47
1703,48
1704,49
1705,50
1706,51
1707,52
1708,53
1709,54
1710,55
1711,56
1712,57
1713,58
1714,59
1715,60
1716,61
1717,62
1718,63
1719,64
1720,65
1721,66
1722,67
1723,68
1724,69
1725,70
1726,71
1727,72
1728,73
1729,74
1730,75
1731,76
1732,77
1733,78
1734,79
1735,80
1736,81
1737,82
1738,83
1739,84
1740,85
1741,86
1742,87
1743,88
1744,89
1745,90
1746,91
1747,92
1748,1
1749,2
1750,3
1751,4
1752,5
1753,6
1754,7
1755,8
1756,9
1757,10
1758,11
1759,12
1760,13
1761,14
1762,15
1763,16
1764,17
1765,18
1766,19
1767,20
1768,21
1769,22
1770,23
1771,24
1772,25
1773,26
1774,27
1775,28
1776,29
1777,30
1778,31
1779,32
1780,33
1781,34
1782,35
1783,36
1784,37
1785,38
1786,39
1787,40
1788,41
1789,42
1790,43
1791,44
1792,45
1793,46
1794,47
1795,48
1796,49
1797,50
1798,51
1799,52
1800,53
1801,54
1802,55
1803,56
1804,57
1805,58
1806,59
1807,60
1808,61
1809,62
1810,63
1811,64
1812,65
1813,66
1814,67
1815,68
1816,69
1817,70
1818,71
1819,72
1820,73
1821,74
1822,75
1823,76
1824,77
1825,78
1826,79
1827,80
1828,81
1829,82
1830,83
1831,84
1832,85
1833,86
1834,87
1835,88
1836,89
1837,90
1838,91
1839,92
1840,1
1841,2
1842,3
1843,4
1844,5
1845,6
1846,7
1847,8
1848,9
1849,10
1850,11
1851,12
1852,13
1853,14
1854,15
1855,16
1856,17
1857,18
1858,19
1859,20
1860,21
1861,22
1862,23
1863,24
1864,25
1865,26
1866,27
1867,28
1868,29
1869,30
1870,31
1871,32
1872,33
1873,34
1874,35
1875,36
1876,37
1877,38
1878,39
1879,40
1880,41
1881,42
1882,43
1883,44
1884,45
1885,46
1886,47
1887,48
1888,49
1889,50
1890,51
1891,52
1892,53
1893,54
1894,55
1895,56
1896,57
1897,58
1898,59
1899,60
1900,61
1901,62
1902,63
1903,64
1904,65
1905,66
1906,67
1907,68
1908,69
1909,70
1910,71
1911,72
1912,73
1913,74
1914,75
1915,76
1916,77
1917,78
1918,79
1919,80
1920,81
1921,82
1922,83
1923,84
1924,85
1925,86
1926,87
1927,88
1928,89
1929,90
1930,91
1931,92
1932,1
1933,2
1934,3
1935,4
1936,5
1937,6
1938,7
1939,8
1940,9
1941,10
1942,11
1943,12
1944,13
1945,14
1946,15
1947,16
1948,17
1949,18
1950,19
1951,20
1952,21
1953,22
1954,23
1955,24
1956,25
1957,26
1958,27
1959,28
1960,29
1961,30
1962,31
1963,32
1964,33
1965,34
1966,35
1967,36
1968,37
1969,38
1970,39
1971,40
1972,41
1973,42
1974,43
1975,44
1976,45
1977,46
1978,47
1979,48
1980,49
1981,50
1982,51
1983,52
1984,53
1985,54
1986,55
1987,56
1988,57
1989,58
1990,59
1991,60
1992,61
1993,62
1994,63
1995,64
1996,65
1997,66
1998,67
1999,68
2000,69
2001,70
2002,71
2003,72
2004,73
2005,74
2006,75
2007,76
2008,77
2009,78
2010,79
2011,80
2012,81
2013,82
2014,83
2015,84
2016,85
2017,86
2018,87
2019,88
2020,89
2021,90
2022,91
2023,92
2024,1
2025,2
2026,3
2027,4
2028,5
2029,6
2030,7
2031,8
2032,9
2033,10
2034,11
2035,12
2036,13
2037,14
2038,15
2039,16
2040,17
2041,18
2042,19
2043,20
2044,21
2045,22
2046,23
2047,24
2048,25
2049,26
2050,27
2051,28
2052,29
2053,30
2054,31
2055,32
2056,33
2057,34
2058,35
2059,36
2060,37
2061,38
2062,39
2063,40
2064,41
2065,42
2066,43
2067,44
2068,45
2069,46
2070,47
2071,48
2072,49
2073,50
2074,51
2075,52
2076,53
2077,54
2078,55
2079,56
2080,57
2081,58
2082,59
2083,60
2084,61
2085,62
2086,63
2087,64
2088,65
2089,66
2090,67
2091,68
2092,69
2093,70
2094,71
2095,72
2096,73
2097,74
2098,75
2099,76
2100,77
2101,78
2102,79
2103,80
2104,81
2105,82
2106,83
2107,84
2108,85
2109,86
2110,87
2111,88
2112,89
2113,90
2114,91
2115,92
2116,1
2117,2
2118,3
2119,4
2120,5
2121,6
2122,7
2123,8
2124,9
2125,10
2126,11
2127,12
2128,13
2129,14
2130,15
2131,16
2132,17
2133,18
2134,19
2135,20
2136,21
2137,22
2138,23
2139,24
2140,25
2141,26
2142,27
2143,28
2144,29
2145,30
2146,31
2147,32
2148,33
2149,34
2150,35
2151,36
2152,37
2153,38
2154,39
2155,40
2156,41
2157,42
2158,43
2159,44
2160,45
2161,46
2162,47
2163,48
2164,49
2165,50
2166,51
2167,52
2168,53
2169,54
2170,55
2171,56
2172,57
2173,58
2174,59
2175,60
2176,61
2177,62
2178,63
2179,64
2180,65
2181,66
2182,67
2183,68
2184,69
2185,70
2186,71
2187,72
2188,73
2189,74
2190,75
2191,76
2192,77
2193,78
2194,79
2195,80
2196,81
2197,82
2198,83
2199,84
2200,85
2201,86
2202,87
2203,88
2204,89
2205,90
2206,91
2207,92
2208,1
2209,2
2210,3
2211,4
2212,5
2213,6
2214,7
2215,8
2216,9
2217,10
2218,11
2219,12
2220,13
2221,14
2222,15
2223,16
2224,17
2225,18
2226,19
2227,20
2228,21
2229,22
2230,23
2231,24
2232,25
2233,26
2234,27
2235,28
2236,29
2237,30
2238,31
2239,32
2240,33
2241,34
2242,35
2243,36
2244,37
2245,38
2246,39
2247,40
2248,41
2249,42
2250,43
2251,44
2252,45
2253,46
2254,47
2255,48
2256,49
2257,50
2258,51
2259,52
2260,53
2261,54
2262,55
2263,56
2264,57
2265,58
2266,59
2267,60
2268,61
2269,62
2270,63
2271,64
2272,65
2273,66
2274,67
2275,68
2276,69
2277,70
2278,71
2279,72
2280,73
2281,74
2282,75
2283,76
2284,77
2285,78
2286,79
2287,80
2288,81
2289,82
2290,83
2291,84
2292,85
2293,86
2294,87
2295,88
2296,89
2297,90
2298,91
2299,92
2300,1
2301,2
2302,3
2303,4
2304,5
2305,6
2306,7
2307,8
2308,9
2309,10
2310,11
2311,12
2312,13
2313,14
2314,15
2315,16
2316,17
2317,18
2318,19
2319,20
2320,21
2321,22
2322,23
2323,24
2324,25
2325,26
2326,27
2327,28
2328,29
2329,30
2330,31
2331,32
2332,33
2333,34
2334,35
2335,36
2336,37
2337,38
2338,39
2339,40
2340,41
2341,42
2342,43
2343,44
2344,45
2345,46
2346,47
2347,48
2348,49
2349,50
2350,51
2351,52
2352,53
2353,54
2354,55
2355,56
2356,57
2357,58
2358,59
2359,60
2360,61
2361,62
2362,63
2363,64
2364,65
2365,66
2366,67
2367,68
2368,69
2369,70
2370,71
2371,72
2372,73
2373,74
2374,75
2375,76
2376,77
2377,78
2378,79
2379,80
2380,81
2381,82
2382,83
2383,84
2384,85
2385,86
2386,87
2387,88
2388,89
2389,90
2390,91
2391,92
2392,1
2393,2
2394,3
2395,4
2396,5
2397,6
2398,7
2399,8
2400,9
2401,10
2402,11
2403,12
2404,13
2405,14
2406,15
2407,16
2408,17
2409,18
2410,19
2411,20
2412,21
2413,22
2414,23
2415,24
2416,25
2417,26
2418,27
2419,28
2420,29
2421,30
2422,31
2423,32
2424,33
2425,34
2426,35
2427,36
2428,37
2429,38
2430,39
2431,40
2432,41
2433,42
2434,43
2435,44
2436,45
2437,46
2438,47
2439,48
2440,49
2441,50
2442,51
2443,52
2444,53
2445,54
2446,55
2447,56
2448,57
2449,58
2450,59
2451,60
2452,61
2453,62
2454,63
2455,64
2456,65
2457,66
2458,67
2459,68
2460,69
2461,70
2462,71
2463,72
2464,73
2465,74
2466,75
2467,76
2468,77
2469,78
2470,79
2471,80
2472,81
2473,82
2474,83
2475,84
2476,85
2477,86
2478,87
2479,88
2480,89
2481,90
2482,91
2483,92
2484,1
2485,2
2486,3
2487,4
2488,5
2489,6
2490,7
2491,8
2492,9
2493,10
2494,11
2495,12
2496,13
2497,14
2498,15
2499,16
2500,17
2501,18
2502,19
2503,20
2504,21
2505,22
2506,23
2507,24
2508,25
2509,26
2510,27
2511,28
2512,29
2513,30
2514,31
2515,32
2516,33
2517,34
2518,35
2519,36
2520,37
2521,38
2522,39
2523,40
2524,41
2525,42
2526,43
2527,44
2528,45
2529,46
2530,47
2531,48
2532,49
2533,50
2534,51
2535,52
2536,53
2537,54
2538,55
2539,56
2540,57
2541,58
2542,59
2543,60
2544,61
2545,62
2546,63
2547,64
2548,65
2549,66
2550,67
2551,68
2552,69
2553,70
2554,71
2555,72
2556,73
2557,74
2558,75
2559,76
2560,77
2561,78
2562,79
2563,80
2564,81
2565,82
2566,83
2567,84
2568,85
2569,86
2570,87
2571,88
2572,89
2573,90
2574,91
2575,92
2576,1
2577,2
2578,3
2579,4
2580,5
2581,6
2582,7
2583,8
2584,9
2585,10
2586,11
2587,12
2588,13
2589,14
2590,15
2591,16
2592,17
2593,18
2594,19
2595,20
2596,21
2597,22
2598,23
2599,24
2600,25
2601,26
2602,27
2603,28
2604,29
2605,30
2606,31
2607,32
2608,33
2609,34
2610,35
2611,36
2612,37
2613,38
2614,39
2615,40
2616,41
2617,42
2618,43
2619,44
2620,45
2621,46
2622,47
2623,48
2624,49
2625,50
2626,51
2627,52
2628,53
2629,54
2630,55
2631,56
2632,57
2633,58
2634,59
2635,60
2636,61
2637,62
2638,63
2639,64
2640,65
2641,66
2642,67
2643,68
2644,69
2645,70
2646,71
2647,72
2648,73
2649,74
2650,75
2651,76
2652,77
2653,78
2654,79
2655,80
2656,81
2657,82
2658,83
2659,84
2660,85
2661,86
2662,87
2663,88
2664,89
2665,90
2666,91
2667,92
2668,1
2669,2
2670,3
2671,4
2672,5
2673,6
2674,7
2675,8
2676,9
2677,10
2678,11
2679,12
2680,13
2681,14
2682,15
2683,16
2684,17
2685,18
2686,19
2687,20
2688,21
2689,22
2690,23
2691,24
2692,25
2693,26
2694,27
2695,28
2696,29
2697,30
2698,31
2699,32
2700,33
2701,34
2702,35
2703,36
2704,37
2705,38
2706,39
2707,40
2708,41
2709,42
2710,43
2711,44
2712,45
2713,46
2714,47
2715,48
2716,49
2717,50
2718,51
2719,52
2720,53
2721,54
2722,55
2723,56
2724,57
2725,58
2726,59
2727,60
2728,61
2729,62
2730,63
2731,64
2732,65
2733,66
2734,67
2735,68
2736,69
2737,70
2738,71
2739,72
2740,73
2741,74
2742,75
2743,76
2744,77
2745,78
2746,79
2747,80
2748,81
2749,82
2750,83
2751,84
2752,85
2753,86
2754,87
2755,88
2756,89
2757,90
2758,91
2759,92
2760,1
2761,2
2762,3
2763,4
2764,5
2765,6
2766,7
2767,8
2768,9
2769,10
2770,11
2771,12
2772,13
2773,14
2774,15
2775,16
2776,17
2777,18
2778,19
2779,20
2780,21
2781,22
2782,23
2783,24
2784,25
2785,26
2786,27
2787,28
2788,29
2789,30
2790,31
2791,32
2792,33
2793,34
2794,35
2795,36
2796,37
2797,38
2798,39
2799,40
2800,41
2801,42
2802,43
2803,44
2804,45
2805,46
2806,47
2807,48
2808,49
2809,50
2810,51
2811,52
2812,53
2813,54
2814,55
2815,56
2816,57
2817,58
2818,59
2819,60
2820,61
2821,62
2822,63
2823,64
2824,65
2825,66
2826,67
2827,68
2828,69
2829,70
2830,71
2831,72
2832,73
2833,74
2834,75
2835,76
2836,77
2837,78
2838,79
2839,80
2840,81
2841,82
2842,83
2843,84
2844,85
2845,86
2846,87
2847,88
2848,89
2849,90
2850,91
2851,92
2852,1
2853,2
2854,3
2855,4
2856,5
2857,6
2858,7
2859,8
2860,9
2861,10
2862,11
2863,12
2864,13
2865,14
2866,15
2867,16
2868,17
2869,18
2870,19
2871,20
2872,21
2873,22
2874,23
2875,24
2876,25
2877,26
2878,27
2879,28
2880,29
2881,30
2882,31
2883,32
2884,33
2885,34
2886,35
2887,36
2888,37
2889,38
2890,39
2891,40
2892,41
2893,42
2894,43
2895,44
2896,45
2897,46
2898,47
2899,48
2900,49
2901,50
2902,51
2903,52
2904,53
2905,54
2906,55
2907,56
2908,57
2909,58
2910,59
2911,60
2912,61
2913,62
2914,63
2915,64
2916,65
2917,66
2918,67
2919,68
2920,69
2921,70
2922,71
2923,72
2924,73
2925,74
2926,75
2927,76
2928,77
2929,78
2930,79
2931,80
2932,81
2933,82
2934,83
2935,84
2936,85
2937,86
2938,87
2939,88
2940,89
2941,90
2942,91
2943,92
2944,1
2945,2
2946,3
2947,4
2948,5
2949,6
2950,7
2951,8
2952,9
2953,10
2954,11
2955,12
2956,13
2957,14
2958,15
2959,16
2960,17
2961,18
2962,19
2963,20
2964,21
2965,22
2966,23
2967,24
2968,25
2969,26
2970,27
2971,28
2972,29
2973,30
2974,31
2975,32
2976,33
2977,34
2978,35
2979,36
2980,37
2981,38
2982,39
2983,40
2984,41
2985,42
2986,43
2987,44
2988,45
2989,46
2990,47
2991,48
2992,49
2993,50
2994,51
2995,52
2996,53
2997,54
2998,55
2999,56
3000,57
3001,58
3002,59
3003,60
3004,61
3005,62
3006,63
3007,64
3008,65
3009,66
3010,67
3011,68
3012,69
3013,70
3014,71
3015,72
3016,73
3017,74
3018,75
3019,76
3020,77
3021,78
3022,79
3023,80
3024,81
3025,82
3026,83
3027,84
3028,85
3029,86
3030,87
3031,88
3032,89
3033,90
3034,91
3035,92
3036,1
3037,2
3038,3
3039,4
3040,5
3041,6
3042,7
3043,8
3044,9
3045,10
3046,11
3047,12
3048,13
3049,14
3050,15
3051,16
3052,17
3053,18
3054,19
3055,20
3056,21
3057,22
3058,23
3059,24
3060,25
3061,26
3062,27
3063,28
3064,29
3065,30
3066,31
3067,32
3068,33
3069,34
3070,35
3071,36
3072,37
3073,38
3074,39
3075,40
3076,41
3077,42
3078,43
3079,44
3080,45
3081,46
3082,47
3083,48
3084,49
3085,50
3086,51
3087,52
3088,53
3089,54
3090,55
3091,56
3092,57
3093,58
3094,59
3095,60
3096,61
3097,62
3098,63
3099,64
3100,65
3101,66
3102,67
3103,68
3104,69
3105,70
3106,71
3107,72
3108,73
3109,74
3110,75
3111,76
3112,77
3113,78
3114,79
3115,80
3116,81
3117,82
3118,83
3119,84
3120,85
3121,86
3122,87
3123,88
3124,89
3125,90
3126,91
3127,92
3128,1
3129,2
3130,3
3131,4
3132,5
3133,6
3134,7
3135,8
3136,9
3137,10
3138,11
3139,12
3140,13
3141,14
3142,15
3143,16
3144,17
3145,18
3146,19
3147,20
3148,21
3149,22
3150,23
3151,24
3152,25
3153,26
3154,27
3155,28
3156,29
3157,30
3158,31
3159,32
3160,33
3161,34
3162,35
3163,36
3164,37
3165,38
3166,39
3167,40
3168,41
3169,42
3170,43
3171,44
3172,45
3173,46
3174,47
3175,48
3176,49
3177,50
3178,51
3179,52
3180,53
3181,54
3182,55
3183,56
3184,57
3185,58
3186,59
3187,60
3188,61
3189,62
3190,63
3191,64
3192,65
3193,66
3194,67
3195,68
3196,69
3197,70
3198,71
3199,72
3200,73
3201,74
3202,75
3203,76
3204,77
3205,78
3206,79
3207,80
3208,81
3209,82
3210,83
3211,84
3212,85
3213,86
3214,87
3215,88
3216,89
3217,90
3218,91
3219,92
3220,1
3221,2
3222,3
3223,4
3224,5
3225,6
3226,7
3227,8
3228,9
3229,10
3230,11
3231,12
3232,13
3233,14
3234,15
3235,16
3236,17
3237,18
3238,19
3239,20
3240,21
3241,22
3242,23
3243,24
3244,25
3245,26
3246,27
3247,28
3248,29
3249,30
3250,31
3251,32
3252,33
3253,34
3254,35
3255,36
3256,37
3257,38
3258,39
3259,40
3260,41
3261,42
3262,43
3263,44
3264,45
3265,46
3266,47
3267,48
3268,49
3269,50
3270,51
3271,52
3272,53
3273,54
3274,55
3275,56
3276,57
3277,58
3278,59
3279,60
3280,61
3281,62
3282,63
3283,64
3284,65
3285,66
3286,67
3287,68
3288,69
3289,70
3290,71
3291,72
3292,73
3293,74
3294,75
3295,76
3296,77
3297,78
3298,79
3299,80
3300,81
3301,82
3302,83
3303,84
3304,85
3305,86
3306,87
3307,88
3308,89
3309,90
3310,91
3311,92
3312,1
3313,2
3314,3
3315,4
3316,5
3317,6
3318,7
3319,8
3320,9
3321,10
3322,11
3323,12
3324,13
3325,14
3326,15
3327,16
3328,17
3329,18
3330,19
3331,20
3332,21
3333,22
3334,23
3335,24
3336,25
3337,26
3338,27
3339,28
3340,29
3341,30
3342,31
3343,32
3344,33
3345,34
3346,35
3347,36
3348,37
3349,38
3350,39
3351,40
3352,41
3353,42
3354,43
3355,44
3356,45
3357,46
3358,47
3359,48
3360,49
3361,50
3362,51
3363,52
3364,53
3365,54
3366,55
3367,56
3368,57
3369,58
3370,59
3371,60
3372,61
3373,62
3374,63
3375,64
3376,65
3377,66
3378,67
3379,68
3380,69
3381,70
3382,71
3383,72
3384,73
3385,74
3386,75
3387,76
3388,77
3389,78
3390,79
3391,80
3392,81
3393,82
3394,83
3395,84
3396,85
3397,86
3398,87
3399,88
3400,89
3401,90
3402,91
3403,92
3404,1
3405,2
3406,3
3407,4
3408,5
3409,6
3410,7
3411,8
3412,9
3413,10
3414,11
3415,12
3416,13
3417,14
3418,15
3419,16
3420,17
3421,18
3422,19
3423,20
3424,21
3425,22
3426,23
3427,24
3428,25
3429,26
3430,27
3431,28
3432,29
3433,30
3434,31
3435,32
3436,33
3437,34
3438,35
3439,36
3440,37
3441,38
3442,39
3443,40
3444,41
3445,42
3446,43
3447,44
3448,45
3449,46
3450,47
3451,48
3452,49
3453,50
3454,51
3455,52
3456,53
3457,54
3458,55
3459,56
3460,57
3461,58
3462,59
3463,60
3464,61
3465,62
3466,63
3467,64
3468,65
3469,66
3470,67
3471,68
3472,69
3473,70
3474,71
3475,72
3476,73
3477,74
3478,75
3479,76
3480,77
3481,78
3482,79
3483,80
3484,81
3485,82
3486,83
3487,84
3488,85
3489,86
3490,87
3491,88
3492,89
3493,90
3494,91
3495,92
3496,1
3497,2
3498,3
3499,4
3500,5
3501,6
3502,7
3503,8
3504,9
3505,10
3506,11
3507,12
3508,13
3509,14
3510,15
3511,16
3512,17
3513,18
3514,19
3515,20
3516,21
3517,22
3518,23
3519,24
3520,25
3521,26
3522,27
3523,28
3524,29
3525,30
3526,31
3527,32
3528,33
3529,34
3530,35
3531,36
3532,37
3533,38
3534,39
3535,40
3536,41
3537,42
3538,43
3539,44
3540,45
3541,46
3542,47
3543,48
3544,49
3545,50
3546,51
3547,52
3548,53
3549,54
3550,55
3551,56
3552,57
3553,58
3554,59
3555,60
3556,61
3557,62
3558,63
3559,64
3560,65
3561,66
3562,67
3563,68
3564,69
3565,70
3566,71
3567,72
3568,73
3569,74
3570,75
3571,76
3572,77
3573,78
3574,79
3575,80
3576,81
3577,82
3578,83
3579,84
3580,85
3581,86
3582,87
3583,88
3584,89
3585,90
3586,91
3587,92
3588,1
3589,2
3590,3
3591,4
3592,5
3593,6
3594,7
3595,8
3596,9
3597,10
3598,11
3599,12
3600,13
3601,14
3602,15
3603,16
3604,17
3605,18
3606,19
3607,20
3608,21
3609,22
3610,23
3611,24
3612,25
3613,26
3614,27
3615,28
3616,29
3617,30
3618,31
3619,32
3620,33
3621,34
3622,35
3623,36
3624,37
3625,38
3626,39
3627,40
3628,41
3629,42
3630,43
3631,44
3632,45
3633,46
3634,47
3635,48
3636,49
3637,50
3638,51
3639,52
3640,53
3641,54
3642,55
3643,56
3644,57
3645,58
3646,59
3647,60
3648,61
3649,62
3650,63
3651,64
3652,65
3653,66
3654,67
3655,68
3656,69
3657,70
3658,71
3659,72
3660,73
3661,74
3662,75
3663,76
3664,77
3665,78
3666,79
3667,80
3668,81
3669,82
3670,83
3671,84
3672,85
3673,86
3674,87
3675,88
3676,89
3677,90
3678,91
3679,92
3680,1
3681,2
3682,3
3683,4
3684,5
3685,6
3686,7
3687,8
3688,9
3689,10
3690,11
3691,12
3692,13
3693,14
3694,15
3695,16
3696,17
3697,18
3698,19
3699,20
3700,21
3701,22
3702,23
3703,24
3704,25
3705,26
3706,27
3707,28
3708,29
3709,30
3710,31
3711,32
3712,33
3713,34
3714,35
3715,36
3716,37
3717,38
3718,39
3719,40
3720,41
3721,42
3722,43
3723,44
3724,45
3725,46
3726,47
3727,48
3728,49
3729,50
3730,51
3731,52
3732,53
3733,54
3734,55
3735,56
3736,57
3737,58
3738,59
3739,60
3740,61
3741,62
3742,63
3743,64
3744,65
3745,66
3746,67
3747,68
3748,69
3749,70
3750,71
3751,72
3752,73
3753,74
3754,75
3755,76
3756,77
3757,78
3758,79
3759,80
3760,81
3761,82
3762,83
3763,84
3764,85
3765,86
3766,87
3767,88
3768,89
3769,90
3770,91
3771,92
3772,1
3773,2
3774,3
3775,4
3776,5
3777,6
3778,7
3779,8
3780,9
3781,10
3782,11
3783,12
3784,13
3785,14
3786,15
3787,16
3788,17
3789,18
3790,19
3791,20
3792,21
3793,22
3794,23
3795,24
3796,25
3797,26
3798,27
3799,28
3800,29
3801,30
3802,31
3803,32
3804,33
3805,34
3806,35
3807,36
3808,37
3809,38
3810,39
3811,40
3812,41
3813,42
3814,43
3815,44
3816,45
3817,46
3818,47
3819,48
3820,49
3821,50
3822,51
3823,52
3824,53
3825,54
3826,55
3827,56
3828,57
3829,58
3830,59
3831,60
3832,61
3833,62
3834,63
3835,64
3836,65
3837,66
3838,67
3839,68
3840,69
3841,70
3842,71
3843,72
3844,73
3845,74
3846,75
3847,76
3848,77
3849,78
3850,79
3851,80
3852,81
3853,82
3854,83
3855,84
3856,85
3857,86
3858,87
3859,88
3860,89
3861,90
3862,91
3863,92
3864,1
3865,2
3866,3
3867,4
3868,5
3869,6
3870,7
3871,8
3872,9
3873,10
3874,11
3875,12
3876,13
3877,14
3878,15
3879,16
3880,17
3881,18
3882,19
3883,20
3884,21
3885,22
3886,23
3887,24
3888,25
3889,26
3890,27
3891,28
3892,29
3893,30
3894,31
3895,32
3896,33
3897,34
3898,35
3899,36
3900,37
3901,38
3902,39
3903,40
3904,41
3905,42
3906,43
3907,44
3908,45
3909,46
3910,47
3911,48
3912,49
3913,50
3914,51
3915,52
3916,53
3917,54
3918,55
3919,56
3920,57
3921,58
3922,59
3923,60
3924,61
3925,62
3926,63
3927,64
3928,65
3929,66
3930,67
3931,68
3932,69
3933,70
3934,71
3935,72
3936,73
3937,74
3938,75
3939,76
3940,77
3941,78
3942,79
3943,80
3944,81
3945,82
3946,83
3947,84
3948,85
3949,86
3950,87
3951,88
3952,89
3953,90
3954,91
3955,92
3956,1
3957,2
3958,3
3959,4
3960,5
3961,6
3962,7
3963,8
3964,9
3965,10
3966,11
3967,12
3968,13
3969,14
3970,15
3971,16
3972,17
3973,18
3974,19
3975,20
3976,21
3977,22
3978,23
3979,24
3980,25
3981,26
3982,27
3983,28
3984,29
3985,30
3986,31
3987,32
3988,33
3989,34
3990,35
3991,36
3992,37
3993,38
3994,39
3995,40
3996,41
3997,42
3998,43
3999,44
4000,45
4001,46
4002,47
4003,48
4004,49
4005,50
4006,51
4007,52
4008,53
4009,54
4010,55
4011,56
4012,57
4013,58
4014,59
4015,60
4016,61
4017,62
4018,63
4019,64
4020,65
4021,66
4022,67
4023,68
4024,69
4025,70
4026,71
4027,72
4028,73
4029,74
4030,75
4031,76
4032,77
4033,78
4034,79
4035,80
4036,81
4037,82
4038,83
4039,84
4040,85
4041,86
4042,87
4043,88
4044,89
4045,90
4046,91
4047,92
4048,1
4049,2
4050,3
4051,4
4052,5
4053,6
4054,7
4055,8
4056,9
4057,10
4058,11
4059,12
4060,13
4061,14
4062,15
4063,16
4064,17
4065,18
4066,19
4067,20
4068,21
4069,22
4070,23
4071,24
4072,25
4073,26
4074,27
4075,28
4076,29
4077,30
4078,31
4079,32
4080,33
4081,34
4082,35
4083,36
4084,37
4085,38
4086,39
4087,40
4088,41
4089,42
4090,43
4091,44
4092,45
4093,46
4094,47
4095,48
4096,49
4097,50
4098,51
4099,52
4100,53
4101,54
4102,55
4103,56
4104,57
4105,58
4106,59
4107,60
4108,61
4109,62
4110,63
4111,64
4112,65
4113,66
4114,67
4115,68
4116,69
4117,70
4118,71
4119,72
4120,73
4121,74
4122,75
4123,76
4124,77
4125,78
4126,79
4127,80
4128,81
4129,82
4130,83
4131,84
4132,85
4133,86
4134,87
4135,88
4136,89
4137,90
4138,91
4139,92
4140,1
4141,2
4142,3
4143,4
4144,5
4145,6
4146,7
4147,8
4148,9
4149,10
4150,11
4151,12
4152,13
4153,14
4154,15
4155,16
4156,17
4157,18
4158,19
4159,20
4160,21
4161,22
4162,23
4163,24
4164,25
4165,26
4166,27
4167,28
4168,29
4169,30
4170,31
4171,32
4172,33
4173,34
4174,35
4175,36
4176,37
4177,38
4178,39
4179,40
4180,41
4181,42
4182,43
4183,44
4184,45
4185,46
4186,47
4187,48
4188,49
4189,50
4190,51
4191,52
4192,53
4193,54
4194,55
4195,56
4196,57
4197,58
4198,59
4199,60
4200,61
4201,62
4202,63
4203,64
4204,65
4205,66
4206,67
4207,68
4208,69
4209,70
4210,71
4211,72
4212,73
4213,74
4214,75
4215,76
4216,77
4217,78
4218,79
4219,80
4220,81
4221,82
4222,83
4223,84
4224,85
4225,86
4226,87
4227,88
4228,89
4229,90
4230,91
4231,92
4232,1
4233,2
4234,3
4235,4
4236,5
4237,6
4238,7
4239,8
4240,9
4241,10
4242,11
4243,12
4244,13
4245,14
4246,15
4247,16
4248,17
4249,18
4250,19
4251,20
4252,21
4253,22
4254,23
4255,24
4256,25
4257,26
4258,27
4259,28
4260,29
4261,30
4262,31
4263,32
4264,33
4265,34
4266,35
4267,36
4268,37
4269,38
4270,39
4271,40
4272,41
4273,42
4274,43
4275,44
4276,45
4277,46
4278,47
4279,48
4280,49
4281,50
4282,51
4283,52
4284,53
4285,54
4286,55
4287,56
4288,57
4289,58
4290,59
4291,60
4292,61
4293,62
4294,63
4295,64
4296,65
4297,66
4298,67
4299,68
4300,69
4301,70
4302,71
4303,72
4304,73
4305,74
4306,75
4307,76
4308,77
4309,78
4310,79
4311,80
4312,81
4313,82
4314,83
4315,84
4316,85
4317,86
4318,87
4319,88
4320,89
4321,90
4322,91
4323,92
4324,1
4325,2
4326,3
4327,4
4328,5
4329,6
4330,7
4331,8
4332,9
4333,10
4334,11
4335,12
4336,13
4337,14
4338,15
4339,16
4340,17
4341,18
4342,19
4343,20
4344,21
4345,22
4346,23
4347,24
4348,25
4349,26
4350,27
4351,28
4352,29
4353,30
4354,31
4355,32
4356,33
4357,34
4358,35
4359,36
4360,37
4361,38
4362,39
4363,40
4364,41
4365,42
4366,43
4367,44
4368,45
4369,46
4370,47
4371,48
4372,49
4373,50
4374,51
4375,52
4376,53
4377,54
4378,55
4379,56
4380,57
4381,58
4382,59
4383,60
4384,61
4385,62
4386,63
4387,64
4388,65
4389,66
4390,67
4391,68
4392,69
4393,70
4394,71
4395,72
4396,73
4397,74
4398,75
4399,76
4400,77
4401,78
4402,79
4403,80
4404,81
4405,82
4406,83
4407,84
4408,85
4409,86
4410,87
4411,88
4412,89
4413,90
4414,91
4415,92
4416,1
4417,2
4418,3
4419,4
4420,5
4421,6
4422,7
4423,8
4424,9
4425,10
4426,11
4427,12
4428,13
4429,14
4430,15
4431,16
4432,17
4433,18
4434,19
4435,20
4436,21
4437,22
4438,23
4439,24
4440,25
4441,26
4442,27
4443,28
4444,29
4445,30
4446,31
4447,32
4448,33
4449,34
4450,35
4451,36
4452,37
4453,38
4454,39
4455,40
4456,41
4457,42
4458,43
4459,44
4460,45
4461,46
4462,47
4463,48
4464,49
4465,50
4466,51
4467,52
4468,53
4469,54
4470,55
4471,56
4472,57
4473,58
4474,59
4475,60
4476,61
4477,62
4478,63
4479,64
4480,65
4481,66
4482,67
4483,68
4484,69
4485,70
4486,71
4487,72
4488,73
4489,74
4490,75
4491,76
4492,77
4493,78
4494,79
4495,80
4496,81
4497,82
4498,83
4499,84
4500,85
4501,86
4502,87
4503,88
4504,89
4505,90
4506,91
4507,92
4508,1
4509,2
4510,3
4511,4
4512,5
4513,6
4514,7
4515,8
4516,9
4517,10
4518,11
4519,12
4520,13
4521,14
4522,15
4523,16
4524,17
4525,18
4526,19
4527,20
4528,21
4529,22
4530,23
4531,24
4532,25
4533,26
4534,27
4535,28
4536,29
4537,30
4538,31
4539,32
4540,33
4541,34
4542,35
4543,36
4544,37
4545,38
4546,39
4547,40
4548,41
4549,42
4550,43
4551,44
4552,45
4553,46
4554,47
4555,48
4556,49
4557,50
4558,51
4559,52
4560,53
4561,54
4562,55
4563,56
4564,57
4565,58
4566,59
4567,60
4568,61
4569,62
4570,63
4571,64
4572,65
4573,66
4574,67
4575,68
4576,69
4577,70
4578,71
4579,72
4580,73
4581,74
4582,75
4583,76
4584,77
4585,78
4586,79
4587,80
4588,81
4589,82
4590,83
4591,84
4592,85
4593,86
4594,87
4595,88
4596,89
4597,90
4598,91
4599,92
4600,1
4601,2
4602,3
4603,4
4604,5
4605,6
4606,7
4607,8
4608,9
4609,10
4610,11
4611,12
4612,13
4613,14
4614,15
4615,16
4616,17
4617,18
4618,19
4619,20
4620,21
4621,22
4622,23
4623,24
4624,25
4625,26
4626,27
4627,28
4628,29
4629,30
4630,31
4631,32
4632,33
4633,34
4634,35
4635,36
4636,37
4637,38
4638,39
4639,40
4640,41
4641,42
4642,43
4643,44
4644,45
4645,46
4646,47
4647,48
4648,49
4649,50
4650,51
4651,52
4652,53
4653,54
4654,55
4655,56
4656,57
4657,58
4658,59
4659,60
4660,61
4661,62
4662,63
4663,64
4664,65
4665,66
4666,67
4667,68
4668,69
4669,70
4670,71
4671,72
4672,73
4673,74
4674,75
4675,76
4676,77
4677,78
4678,79
4679,80
4680,81
4681,82
4682,83
4683,84
4684,85
4685,86
4686,87
4687,88
4688,89
4689,90
4690,91
4691,92
4692,1
4693,2
4694,3
4695,4
4696,5
4697,6
4698,7
4699,8
4700,9
4701,10
4702,11
4703,12
4704,13
4705,14
4706,15
4707,16
4708,17
4709,18
4710,19
4711,20
4712,21
4713,22
4714,23
4715,24
4716,25
4717,26
4718,27
4719,28
4720,29
4721,30
4722,31
4723,32
4724,33
4725,34
4726,35
4727,36
4728,37
4729,38
4730,39
4731,40
4732,41
4733,42
4734,43
4735,44
4736,45
4737,46
4738,47
4739,48
4740,49
4741,50
4742,51
4743,52
4744,53
4745,54
4746,55
4747,56
4748,57
4749,58
4750,59
4751,60
4752,61
4753,62
4754,63
4755,64
4756,65
4757,66
4758,67
4759,68
4760,69
4761,70
4762,71
4763,72
4764,73
4765,74
4766,75
4767,76
4768,77
4769,78
4770,79
4771,80
4772,81
4773,82
4774,83
4775,84
4776,85
4777,86
4778,87
4779,88
4780,89
4781,90
4782,91
4783,92
4784,1
4785,2
4786,3
4787,4
4788,5
4789,6
4790,7
4791,8
4792,9
4793,10
4794,11
4795,12
4796,13
4797,14
4798,15
4799,16
4800,17
4801,18
4802,19
4803,20
4804,21
4805,22
4806,23
4807,24
4808,25
4809,26
4810,27
4811,28
4812,29
4813,30
4814,31
4815,32
4816,33
4817,34
4818,35
4819,36
4820,37
4821,38
4822,39
4823,40
4824,41
4825,42
4826,43
4827,44
4828,45
4829,46
4830,47
4831,48
4832,49
4833,50
4834,51
4835,52
4836,53
4837,54
4838,55
4839,56
4840,57
4841,58
4842,59
4843,60
4844,61
4845,62
4846,63
4847,64
4848,65
4849,66
4850,67
4851,68
4852,69
4853,70
4854,71
4855,72
4856,73
4857,74
4858,75
4859,76
4860,77
4861,78
4862,79
4863,80
4864,81
4865,82
4866,83
4867,84
4868,85
4869,86
4870,87
4871,88
4872,89
4873,90
4874,91
4875,92
4876,1
4877,2
4878,3
4879,4
4880,5
4881,6
4882,7
4883,8
4884,9
4885,10
4886,11
4887,12
4888,13
4889,14
4890,15
4891,16
4892,17
4893,18
4894,19
4895,20
4896,21
4897,22
4898,23
4899,24
4900,25
4901,26
4902,27
4903,28
4904,29
4905,30
4906,31
4907,32
4908,33
4909,34
4910,35
4911,36
4912,37
4913,38
4914,39
4915,40
4916,41
4917,42
4918,43
4919,44
4920,45
4921,46
4922,47
4923,48
4924,49
4925,50
4926,51
4927,52
4928,53
4929,54
4930,55
4931,56
4932,57
4933,58
4934,59
4935,60
4936,61
4937,62
4938,63
4939,64
4940,65
4941,66
4942,67
4943,68
4944,69
4945,70
4946,71
4947,72
4948,73
4949,74
4950,75
4951,76
4952,77
4953,78
4954,79
4955,80
4956,81
4957,82
4958,83
4959,84
4960,85
4961,86
4962,87
4963,88
4964,89
4965,90
4966,91
4967,92
4968,1
4969,2
4970,3
4971,4
4972,5
4973,6
4974,7
4975,8
4976,9
4977,10
4978,11
4979,12
4980,13
4981,14
4982,15
4983,16
4984,17
4985,18
4986,19
4987,20
4988,21
4989,22
4990,23
4991,24
4992,25
4993,26
4994,27
4995,28
4996,29
4997,30
4998,31
4999,32
5000,33
5001,34
5002,35
5003,36
5004,37
5005,38
5006,39
5007,40
5008,41
5009,42
5010,43
5011,44
5012,45
5013,46
5014,47
5015,48
5016,49
5017,50
5018,51
5019,52
5020,53
5021,54
5022,55
5023,56
5024,57
5025,58
5026,59
5027,60
5028,61
5029,62
5030,63
5031,64
5032,65
5033,66
5034,67
5035,68
5036,69
5037,70
5038,71
5039,72
5040,73
5041,74
5042,75
5043,76
5044,77
5045,78
5046,79
5047,80
5048,81
5049,82
5050,83
5051,84
5052,85
5053,86
5054,87
5055,88
5056,89
5057,90
5058,91
5059,92
5060,1
5061,2
5062,3
5063,4
5064,5
5065,6
5066,7
5067,8
5068,9
5069,10
5070,11
5071,12
5072,13
5073,14
5074,15
5075,16
5076,17
5077,18
5078,19
5079,20
5080,21
5081,22
5082,23
5083,24
5084,25
5085,26
5086,27
5087,28
5088,29
5089,30
5090,31
5091,32
5092,33
5093,34
5094,35
5095,36
5096,37
5097,38
5098,39
5099,40
5100,41
5101,42
5102,43
5103,44
5104,45
5105,46
5106,47
5107,48
5108,49
5109,50
5110,51
5111,52
5112,53
5113,54
5114,55
5115,56
5116,57
5117,58
5118,59
5119,60
5120,61
5121,62
5122,63
5123,64
5124,65
5125,66
5126,67
5127,68
5128,69
5129,70
5130,71
5131,72
5132,73
5133,74
5134,75
5135,76
5136,77
5137,78
5138,79
5139,80
5140,81
5141,82
5142,83
5143,84
5144,85
5145,86
5146,87
5147,88
5148,89
5149,90
5150,91
5151,92
5152,1
5153,2
5154,3
5155,4
5156,5
5157,6
5158,7
5159,8
5160,9
5161,10
5162,11
5163,12
5164,13
5165,14
5166,15
5167,16
5168,17
5169,18
5170,19
5171,20
5172,21
5173,22
5174,23
5175,24
5176,25
5177,26
5178,27
5179,28
5180,29
5181,30
5182,31
5183,32
5184,33
5185,34
5186,35
5187,36
5188,37
5189,38
5190,39
5191,40
5192,41
5193,42
5194,43
5195,44
5196,45
5197,46
5198,47
5199,48
5200,49
5201,50
5202,51
5203,52
5204,53
5205,54
5206,55
5207,56
5208,57
5209,58
5210,59
5211,60
5212,61
5213,62
5214,63
5215,64
5216,65
5217,66
5218,67
5219,68
5220,69
5221,70
5222,71
5223,72
5224,73
5225,74
5226,75
5227,76
5228,77
5229,78
5230,79
5231,80
5232,81
5233,82
5234,83
5235,84
5236,85
5237,86
5238,87
5239,88
5240,89
5241,90
5242,91
5243,92
5244,1
5245,2
5246,3
5247,4
5248,5
5249,6
5250,7
5251,8
5252,9
5253,10
5254,11
5255,12
5256,13
5257,14
5258,15
5259,16
5260,17
5261,18
5262,19
5263,20
5264,21
5265,22
5266,23
5267,24
5268,25
5269,26
5270,27
5271,28
5272,29
5273,30
5274,31
5275,32
5276,33
5277,34
5278,35
5279,36
5280,37
5281,38
5282,39
5283,40
5284,41
5285,42
5286,43
5287,44
5288,45
5289,46
5290,47
5291,48
5292,49
5293,50
5294,51
5295,52
5296,53
5297,54
5298,55
5299,56
5300,57
5301,58
5302,59
5303,60
5304,61
5305,62
5306,63
5307,64
5308,65
5309,66
5310,67
5311,68
5312,69
5313,70
5314,71
5315,72
5316,73
5317,74
5318,75
5319,76
5320,77
5321,78
5322,79
5323,80
5324,81
5325,82
5326,83
5327,84
5328,85
5329,86
5330,87
5331,88
5332,89
5333,90
5334,91
5335,92
5336,1
5337,2
5338,3
5339,4
5340,5
5341,6
5342,7
5343,8
5344,9
5345,10
5346,11
5347,12
5348,13
5349,14
5350,15
5351,16
5352,17
5353,18
5354,19
5355,20
5356,21
5357,22
5358,23
5359,24
5360,25
5361,26
5362,27
5363,28
5364,29
5365,30
5366,31
5367,32
5368,33
5369,34
5370,35
5371,36
5372,37
5373,38
5374,39
5375,40
5376,41
5377,42
5378,43
5379,44
5380,45
5381,46
5382,47
5383,48
5384,49
5385,50
5386,51
5387,52
5388,53
5389,54
5390,55
5391,56
5392,57
5393,58
5394,59
5395,60
5396,61
5397,62
5398,63
5399,64
5400,65
5401,66
5402,67
5403,68
5404,69
5405,70
5406,71
5407,72
5408,73
5409,74
5410,75
5411,76
5412,77
5413,78
5414,79
5415,80
5416,81
5417,82
5418,83
5419,84
5420,85
5421,86
5422,87
5423,88
5424,89
5425,90
5426,91
5427,92
5428,1
5429,2
5430,3
5431,4
5432,5
5433,6
5434,7
5435,8
5436,9
5437,10
5438,11
5439,12
5440,13
5441,14
5442,15
5443,16
5444,17
5445,18
5446,19
5447,20
5448,21
5449,22
5450,23
5451,24
5452,25
5453,26
5454,27
5455,28
5456,29
5457,30
5458,31
5459,32
5460,33
5461,34
5462,35
5463,36
5464,37
5465,38
5466,39
5467,40
5468,41
5469,42
5470,43
5471,44
5472,45
5473,46
5474,47
5475,48
5476,49
5477,50
5478,51
5479,52
5480,53
5481,54
5482,55
5483,56
5484,57
5485,58
5486,59
5487,60
5488,61
5489,62
5490,63
5491,64
5492,65
5493,66
5494,67
5495,68
5496,69
5497,70
5498,71
5499,72
5500,73
5501,74
5502,75
5503,76
5504,77
5505,78
5506,79
5507,80
5508,81
5509,82
5510,83
5511,84
5512,85
5513,86
5514,87
5515,88
5516,89
5517,90
5518,91
5519,92
5520,1
5521,2
5522,3
5523,4
5524,5
5525,6
5526,7
5527,8
5528,9
5529,10
5530,11
5531,12
5532,13
5533,14
5534,15
5535,16
5536,17
5537,18
5538,19
5539,20
5540,21
5541,22
5542,23
5543,24
5544,25
5545,26
5546,27
5547,28
5548,29
5549,30
5550,31
5551,32
5552,33
5553,34
5554,35
5555,36
5556,37
5557,38
5558,39
5559,40
5560,41
5561,42
5562,43
5563,44
5564,45
5565,46
5566,47
5567,48
5568,49
5569,50
5570,51
5571,52
5572,53
5573,54
5574,55
5575,56
5576,57
5577,58
5578,59
5579,60
5580,61
5581,62
5582,63
5583,64
5584,65
5585,66
5586,67
5587,68
5588,69
5589,70
5590,71
5591,72
5592,73
5593,74
5594,75
5595,76
5596,77
5597,78
5598,79
5599,80
5600,81
5601,82
5602,83
5603,84
5604,85
5605,86
5606,87
5607,88
5608,89
5609,90
5610,91
5611,92
5612,1
5613,2
5614,3
5615,4
5616,5
5617,6
5618,7
5619,8
5620,9
5621,10
5622,11
5623,12
5624,13
5625,14
5626,15
5627,16
5628,17
5629,18
5630,19
5631,20
5632,21
5633,22
5634,23
5635,24
5636,25
5637,26
5638,27
5639,28
5640,29
5641,30
5642,31
5643,32
5644,33
5645,34
5646,35
5647,36
5648,37
5649,38
5650,39
5651,40
5652,41
5653,42
5654,43
5655,44
5656,45
5657,46
5658,47
5659,48
5660,49
5661,50
5662,51
5663,52
5664,53
5665,54
5666,55
5667,56
5668,57
5669,58
5670,59
5671,60
5672,61
5673,62
5674,63
5675,64
5676,65
5677,66
5678,67
5679,68
5680,69
5681,70
5682,71
5683,72
5684,73
5685,74
5686,75
5687,76
5688,77
5689,78
5690,79
5691,80
5692,81
5693,82
5694,83
5695,84
5696,85
5697,86
5698,87
5699,88
5700,89
5701,90
5702,91
5703,92
5704,1
5705,2
5706,3
5707,4
5708,5
5709,6
5710,7
5711,8
5712,9
5713,10
5714,11
5715,12
5716,13
5717,14
5718,15
5719,16
5720,17
5721,18
5722,19
5723,20
5724,21
5725,22
5726,23
5727,24
5728,25
5729,26
5730,27
5731,28
5732,29
5733,30
5734,31
5735,32
5736,33
5737,34
5738,35
5739,36
5740,37
5741,38
5742,39
5743,40
5744,41
5745,42
5746,43
5747,44
5748,45
5749,46
5750,47
5751,48
5752,49
5753,50
5754,51
5755,52
5756,53
5757,54
5758,55
5759,56
5760,57
5761,58
5762,59
5763,60
5764,61
5765,62
5766,63
5767,64
5768,65
5769,66
5770,67
5771,68
5772,69
5773,70
5774,71
5775,72
5776,73
5777,74
5778,75
5779,76
5780,77
5781,78
5782,79
5783,80
5784,81
5785,82
5786,83
5787,84
5788,85
5789,86
5790,87
5791,88
5792,89
5793,90
5794,91
5795,92
5796,1
5797,2
5798,3
5799,4
5800,5
5801,6
5802,7
5803,8
5804,9
5805,10
5806,11
5807,12
5808,13
5809,14
5810,15
5811,16
5812,17
5813,18
5814,19
5815,20
5816,21
5817,22
5818,23
5819,24
5820,25
5821,26
5822,27
5823,28
5824,29
5825,30
5826,31
5827,32
5828,33
5829,34
5830,35
5831,36
5832,37
5833,38
5834,39
5835,40
5836,41
5837,42
5838,43
5839,44
5840,45
5841,46
5842,47
5843,48
5844,49
5845,50
5846,51
5847,52
5848,53
5849,54
5850,55
5851,56
5852,57
5853,58
5854,59
5855,60
5856,61
5857,62
5858,63
5859,64
5860,65
5861,66
5862,67
5863,68
5864,69
5865,70
5866,71
5867,72
5868,73
5869,74
5870,75
5871,76
5872,77
5873,78
5874,79
5875,80
5876,81
5877,82
5878,83
5879,84
5880,85
5881,86
5882,87
5883,88
5884,89
5885,90
5886,91
5887,92
5888,1
5889,2
5890,3
5891,4
5892,5
5893,6
5894,7
5895,8
5896,9
5897,10
5898,11
5899,12
5900,13
5901,14
5902,15
5903,16
5904,17
5905,18
5906,19
5907,20
5908,21
5909,22
5910,23
5911,24
5912,25
5913,26
5914,27
5915,28
5916,29
5917,30
5918,31
5919,32
5920,33
5921,34
5922,35
5923,36
5924,37
5925,38
5926,39
5927,40
5928,41
5929,42
5930,43
5931,44
5932,45
5933,46
5934,47
5935,48
5936,49
5937,50
5938,51
5939,52
5940,53
5941,54
5942,55
5943,56
5944,57
5945,58
5946,59
5947,60
5948,61
5949,62
5950,63
5951,64
5952,65
5953,66
5954,67
5955,68
5956,69
5957,70
5958,71
5959,72
5960,73
5961,74
5962,75
5963,76
5964,77
5965,78
5966,79
5967,80
5968,81
5969,82
5970,83
5971,84
5972,85
5973,86
5974,87
5975,88
5976,89
5977,90
5978,91
5979,92
5980,1
5981,2
5982,3
5983,4
5984,5
5985,6
5986,7
5987,8
5988,9
5989,10
5990,11
5991,12
5992,13
5993,14
5994,15
5995,16
5996,17
5997,18
5998,19
5999,20
6000,21
6001,22
6002,23
6003,24
6004,25
6005,26
6006,27
6007,28
6008,29
6009,30
6010,31
6011,32
6012,33
6013,34
6014,35
6015,36
6016,37
6017,38
6018,39
6019,40
6020,41
6021,42
6022,43
6023,44
6024,45
6025,46
6026,47
6027,48
6028,49
6029,50
6030,51
6031,52
6032,53
6033,54
6034,55
6035,56
6036,57
6037,58
6038,59
6039,60
6040,61
6041,62
6042,63
6043,64
6044,65
6045,66
6046,67
6047,68
6048,69
6049,70
6050,71
6051,72
6052,73
6053,74
6054,75
6055,76
6056,77
6057,78
6058,79
6059,80
6060,81
6061,82
6062,83
6063,84
6064,85
6065,86
6066,87
6067,88
6068,89
6069,90
6070,91
6071,92
6072,1
6073,2
6074,3
6075,4
6076,5
6077,6
6078,7
6079,8
6080,9
6081,10
6082,11
6083,12
6084,13
6085,14
6086,15
6087,16
6088,17
6089,18
6090,19
6091,20
6092,21
6093,22
6094,23
6095,24
6096,25
6097,26
6098,27
6099,28
6100,29
6101,30
6102,31
6103,32
6104,33
6105,34
6106,35
6107,36
6108,37
6109,38
6110,39
6111,40
6112,41
6113,42
6114,43
6115,44
6116,45
6117,46
6118,47
6119,48
6120,49
6121,50
6122,51
6123,52
6124,53
6125,54
6126,55
6127,56
6128,57
6129,58
6130,59
6131,60
6132,61
6133,62
6134,63
6135,64
6136,65
6137,66
6138,67
6139,68
6140,69
6141,70
6142,71
6143,72
6144,73
6145,74
6146,75
6147,76
6148,77
6149,78
6150,79
6151,80
6152,81
6153,82
6154,83
6155,84
6156,85
6157,86
6158,87
6159,88
6160,89
6161,90
6162,91
6163,92
6164,1
6165,2
6166,3
6167,4
6168,5
6169,6
6170,7
6171,8
6172,9
6173,10
6174,11
6175,12
6176,13
6177,14
6178,15
6179,16
6180,17
6181,18
6182,19
6183,20
6184,21
6185,22
6186,23
6187,24
6188,25
6189,26
6190,27
6191,28
6192,29
6193,30
6194,31
6195,32
6196,33
6197,34
6198,35
6199,36
6200,37
6201,38
6202,39
6203,40
6204,41
6205,42
6206,43
6207,44
6208,45
6209,46
6210,47
6211,48
6212,49
6213,50
6214,51
6215,52
6216,53
6217,54
