ActivityID,UserID
101,1
102,2
103,3
104,4
105,5
106,6
107,7
108,8
109,9
110,10
111,11
112,12
113,13
114,14
115,15
116,16
117,17
118,18
119,19
120,20
121,21
122,22
123,23
124,24
125,25
126,26
127,27
128,28
129,29
130,30
131,31
132,32
133,33
134,34
135,35
136,36
137,37
138,38
139,39
140,40
141,41
142,42
143,43
144,44
145,45
146,46
147,47
148,48
149,49
150,50
151,51
152,52
153,53
154,54
155,55
156,56
157,57
158,58
159,59
160,60
161,61
162,62
163,63
164,64
165,65
166,66
167,67
168,68
169,69
170,70
171,71
172,72
173,73
174,74
175,75
176,76
177,77
178,78
179,79
180,80
181,81
182,82
183,83
184,84
185,85
186,86
187,87
188,88
189,89
190,90
191,91
192,92
193,93
194,94
195,95
196,96
197,97
198,98
199,99
200,100
201,101
202,102
203,103
204,104
205,105
206,106
207,107
208,108
209,109
210,110
211,111
212,112
213,113
214,114
215,115
216,116
217,117
218,118
219,119
220,120
221,121
222,122
223,123
224,124
225,125
226,126
227,127
228,128
229,129
230,130
231,131
232,132
233,133
234,134
235,135
236,136
237,137
238,138
239,139
240,140
241,141
242,142
243,143
244,144
245,145
246,146
247,147
248,148
249,149
250,150
251,151
252,152
253,153
254,154
255,155
256,156
257,157
258,158
259,159
260,160
261,161
262,162
263,163
264,164
265,165
266,166
267,167
268,168
269,169
270,170
271,171
272,172
273,173
274,174
275,175
276,176
277,177
278,178
279,179
280,180
281,181
282,182
283,183
284,184
285,185
286,186
287,187
288,188
289,189
290,190
291,191
292,192
293,193
294,194
295,195
296,196
297,197
298,198
299,199
300,200
301,201
302,202
303,203
304,204
305,205
306,206
307,207
308,208
309,209
310,210
311,211
312,212
313,213
314,214
315,215
316,216
317,217
318,218
319,219
320,220
321,221
322,222
323,223
324,224
325,225
326,226
327,227
328,228
329,229
330,230
331,231
332,232
333,233
334,234
335,235
336,236
337,237
338,238
339,239
340,240
341,241
342,242
343,243
344,244
345,245
346,246
347,247
348,248
349,249
350,250
351,251
352,252
353,253
354,254
355,255
356,256
357,257
358,258
359,259
360,260
361,261
362,262
363,263
364,264
365,265
366,266
367,267
368,268
369,269
370,270
371,271
372,272
373,273
374,274
375,275
376,276
377,277
378,278
379,279
380,280
381,281
382,282
383,283
384,284
385,285
386,286
387,287
388,288
389,289
390,290
391,291
392,292
393,293
394,294
395,295
396,296
397,297
398,298
399,299
400,300
401,301
402,302
403,303
404,304
405,305
406,306
407,307
408,308
409,309
410,310
411,311
412,312
413,313
414,314
415,315
416,316
417,317
418,318
419,319
420,320
421,321
422,322
423,323
424,324
425,325
426,326
427,327
428,328
429,329
430,330
431,331
432,332
433,333
434,334
435,335
436,336
437,337
438,338
439,339
440,340
441,341
442,342
443,343
444,344
445,345
446,346
447,347
448,348
449,349
450,350
451,351
452,352
453,353
454,354
455,355
456,356
457,357
458,358
459,359
460,360
461,361
462,362
463,363
464,364
465,365
466,366
467,367
468,368
469,369
470,370
471,371
472,372
473,373
474,374
475,375
476,376
477,377
478,378
479,379
480,380
481,381
482,382
483,383
484,384
485,385
486,386
487,387
488,388
489,389
490,390
491,391
492,392
493,393
494,394
495,395
496,396
497,397
498,398
499,399
500,400
501,401
502,402
503,403
504,404
505,405
506,406
507,407
508,408
509,409
510,410
511,411
512,412
513,413
514,414
515,415
516,416
517,417
518,418
519,419
520,420
521,421
522,422
523,423
524,424
525,425
526,426
527,427
528,428
529,429
530,430
531,431
532,432
533,433
534,434
535,435
536,436
537,437
538,438
539,439
540,440
541,441
542,442
543,443
544,444
545,445
546,446
547,447
548,448
549,449
550,450
551,451
552,452
553,453
554,454
555,455
556,456
557,457
558,458
559,459
560,460
561,461
562,462
563,463
564,464
565,465
566,466
567,467
568,468
569,469
570,470
571,471
572,472
573,473
574,474
575,475
576,476
577,477
578,478
579,479
580,480
581,481
582,482
583,483
584,484
585,485
586,486
587,487
588,488
589,489
590,490
591,491
592,492
593,493
594,494
595,495
596,496
597,497
598,498
599,499
600,500
601,501
602,502
603,503
604,504
605,505
606,506
607,507
608,508
609,509
610,510
611,511
612,512
613,513
614,514
615,515
616,516
617,517
618,518
619,519
620,520
621,521
622,522
623,523
624,524
625,525
626,526
627,527
628,528
629,529
630,530
631,531
632,532
633,533
634,534
635,535
636,536
637,537
638,538
639,539
640,540
641,541
642,542
643,543
644,544
645,545
646,546
647,547
648,548
649,549
650,550
651,551
652,552
653,553
654,554
655,555
656,556
657,557
658,558
659,559
660,560
661,561
662,562
663,563
664,564
665,565
666,566
667,567
668,568
669,569
670,570
671,571
672,572
673,573
674,574
675,575
676,576
677,577
678,578
679,579
680,580
681,581
682,582
683,583
684,584
685,585
686,586
687,587
688,588
689,589
690,590
691,591
692,592
693,593
694,594
695,595
696,596
697,597
698,598
699,599
700,600
701,601
702,602
703,603
704,604
705,605
706,606
707,607
708,608
709,609
710,610
711,611
712,612
713,613
714,614
715,615
716,616
717,617
718,618
719,619
720,620
721,621
722,622
723,623
724,624
725,625
726,626
727,627
728,628
729,629
730,630
731,631
732,632
733,633
734,634
735,635
736,636
737,637
738,638
739,639
740,640
741,641
742,642
743,643
744,644
745,645
746,646
747,647
748,648
749,649
750,650
751,651
752,652
753,653
754,654
755,655
756,656
757,657
758,658
759,659
760,660
761,661
762,662
763,663
764,664
765,665
766,666
767,667
768,668
769,669
770,670
771,671
772,672
773,673
774,674
775,675
776,676
777,677
778,678
779,679
780,680
781,681
782,682
783,683
784,684
785,685
786,686
787,687
788,688
789,689
790,690
791,691
792,692
793,693
794,694
795,695
796,696
797,697
798,698
799,699
800,700
801,701
802,702
803,703
804,704
805,705
806,706
807,707
808,708
809,709
810,710
811,711
812,712
813,713
814,714
815,715
816,716
817,717
818,718
819,719
820,720
821,721
822,722
823,723
824,724
825,725
826,726
827,727
828,728
829,729
830,730
831,731
832,732
833,733
834,734
835,735
836,736
837,737
838,738
839,739
840,740
841,741
842,742
843,743
844,744
845,745
846,746
847,747
848,748
849,749
850,750
851,751
852,752
853,753
854,754
855,755
856,756
857,757
858,758
859,759
860,760
861,761
862,762
863,763
864,764
865,765
866,766
867,767
868,768
869,769
870,770
871,771
872,772
873,773
874,774
875,775
876,776
877,777
878,778
879,779
880,780
881,781
882,782
883,783
884,784
885,785
886,786
887,787
888,788
889,789
890,790
891,791
892,792
893,793
894,794
895,795
896,796
897,797
898,798
899,799
900,800
901,801
902,802
903,803
904,804
905,805
906,806
907,807
908,808
909,809
910,810
911,811
912,812
913,813
914,814
915,815
916,816
917,817
918,818
919,819
920,820
921,821
922,822
923,823
924,824
925,825
926,826
927,827
928,828
929,829
930,830
931,831
932,832
933,833
934,834
935,835
936,836
937,837
938,838
939,839
940,840
941,841
942,842
943,843
944,844
945,845
946,846
947,847
948,848
949,849
950,850
951,851
952,852
953,853
954,854
955,855
956,856
957,857
958,858
959,859
960,860
961,861
962,862
963,863
964,864
965,865
966,866
967,867
968,868
969,869
970,870
971,871
972,872
973,873
974,874
975,875
976,876
977,877
978,878
979,879
980,880
981,881
982,882
983,883
984,884
985,885
986,886
987,887
988,888
989,889
990,890
991,891
992,892
993,893
994,894
995,895
996,896
997,897
998,898
999,899
1000,900
1001,901
1002,902
1003,903
1004,904
1005,905
1006,906
1007,907
1008,908
1009,909
1010,910
1011,911
1012,912
1013,913
1014,914
1015,915
1016,916
1017,917
1018,918
1019,919
1020,920
1021,921
1022,922
1023,923
1024,924
1025,925
1026,926
1027,927
1028,928
1029,929
1030,930
1031,931
1032,932
1033,933
1034,934
1035,935
1036,936
1037,937
1038,938
1039,939
1040,940
1041,941
1042,942
1043,943
1044,944
1045,945
1046,946
1047,947
1048,948
1049,949
1050,950
1051,951
1052,952
1053,953
1054,954
1055,955
1056,956
1057,957
1058,958
1059,959
1060,960
1061,961
1062,962
1063,963
1064,964
1065,965
1066,966
1067,967
1068,968
1069,969
1070,970
1071,971
1072,972
1073,973
1074,974
1075,975
1076,976
1077,977
1078,978
1079,979
1080,980
1081,981
1082,982
1083,983
1084,984
1085,985
1086,986
1087,987
1088,988
1089,989
1090,990
1091,991
1092,992
1093,993
1094,994
1095,995
1096,996
1097,997
1098,998
1099,999
1100,1000
