UserId,TelephoneNumber
1,334-401-7295
2,631-442-7046
3,207-566-8198
4,203-930-2838
5,678-407-6766
6,410-368-3581
7,615-481-7093
8,863-875-7289
9,646-728-4984
10,310-755-1614
11,908-485-4839
12,541-981-1076
13,361-266-6140
14,808-658-7254
15,301-999-2298
16,386-313-9299
17,773-720-7211
18,407-263-3881
19,720-368-7335
20,347-853-6937
21,812-244-2176
22,803-870-0072
23,502-409-3634
24,559-623-3703
25,214-442-4318
26,407-856-3307
27,914-597-1632
28,570-925-4758
29,585-531-1933
30,706-307-6842
31,617-730-1452
32,610-521-3129
33,781-622-7897
34,630-247-5633
35,201-656-6011
36,636-345-7784
37,256-466-3744
38,585-637-5970
39,334-881-6203
40,616-406-4049
41,636-384-1698
42,727-744-6877
43,443-659-1953
44,404-848-1052
45,616-875-1052
46,301-745-7272
47,708-684-8902
48,907-258-3785
49,303-792-1882
50,903-453-1338
51,410-406-8268
52,620-719-5805
53,610-566-5655
54,717-665-7818
55,406-567-1561
56,507-323-8851
57,804-651-9679
58,469-541-3040
59,949-786-9311
60,540-233-5031
61,440-946-5992
62,806-755-4892
63,704-452-1430
64,716-744-2998
65,816-935-3639
66,972-450-8243
67,408-334-7876
68,440-251-4273
69,262-325-4275
70,910-234-6032
71,859-953-4083
72,517-634-3044
73,907-369-7337
74,336-792-4656
75,352-336-6714
76,916-310-4289
77,443-729-6875
78,202-514-6304
79,307-239-9329
80,270-893-7717
81,740-530-3199
82,918-659-8819
83,513-820-4318
84,414-475-7498
85,507-340-4686
86,919-488-9331
87,714-604-5666
88,432-394-6616
89,608-742-7656
90,920-263-8555
91,832-288-8768
92,973-667-7850
93,443-677-6426
94,786-859-3901
95,612-636-4584
96,714-925-4441
97,501-796-6497
98,928-202-1364
99,847-360-2284
100,409-757-0427
101,513-617-9089
102,217-979-5100
103,916-941-6842
104,219-554-3729
105,509-436-4481
106,432-398-8782
107,570-978-3469
108,678-205-2402
109,281-590-3095
110,714-522-1603
111,409-678-3109
112,720-558-9189
113,208-840-0254
114,570-854-5585
115,217-846-9842
116,239-849-8192
117,678-424-4034
118,513-378-0409
119,617-406-1850
120,770-778-1621
121,913-533-7338
122,908-735-4610
123,707-215-9622
124,626-415-7326
125,901-441-0432
126,630-654-6832
127,214-729-9603
128,847-886-7047
129,605-767-2124
130,214-544-4473
131,315-272-1674
132,615-754-5612
133,816-635-1171
134,317-209-3168
135,337-261-7381
136,419-734-8353
137,719-491-8732
138,781-501-0053
139,530-290-5150
140,724-876-0655
141,817-761-7506
142,701-205-5173
143,917-552-6946
144,864-659-9628
145,804-798-0361
146,504-728-8007
147,315-847-9349
148,770-984-8242
149,919-271-3796
150,563-241-8478
151,203-822-2997
152,512-416-4879
153,402-419-4281
154,616-742-4929
155,401-744-9764
156,702-386-1244
157,704-775-2276
158,217-389-4820
159,210-991-3302
160,618-394-3820
161,812-269-4683
162,320-644-3608
163,802-862-0772
164,267-553-1018
165,774-224-0741
166,931-222-8055
167,401-996-7908
168,605-820-9063
169,701-867-9320
170,248-873-8396
171,516-822-0038
172,812-482-1765
173,856-351-3548
174,859-520-4200
175,507-206-0632
176,303-379-3515
177,612-672-0895
178,781-872-7632
179,510-991-3516
180,309-438-1513
181,832-200-6978
182,904-887-7841
183,650-385-6459
184,989-719-1649
185,561-238-8907
186,303-857-7315
187,504-834-9809
188,407-288-6474
189,815-337-9612
190,216-894-1565
191,770-262-5850
192,301-565-5315
193,918-273-5721
194,507-433-0202
195,323-462-0605
196,303-558-4136
197,712-652-3392
198,609-343-9904
199,217-989-8687
200,916-359-8764
201,308-738-9075
202,781-914-0942
203,775-296-7343
204,805-770-8063
205,646-825-8957
206,513-751-1300
207,716-888-5083
208,206-504-1443
209,586-470-7609
210,802-985-7991
211,937-295-4531
212,936-827-5600
213,954-704-1268
214,901-837-8027
215,786-468-8275
216,860-333-8872
217,765-713-1703
218,805-857-4840
219,217-765-0387
220,240-682-1479
221,917-616-8121
222,360-568-5363
223,310-534-5186
224,253-437-8956
225,615-448-1050
226,402-989-5350
227,972-965-8183
228,678-888-1377
229,407-911-6838
230,435-651-4400
231,281-591-6051
232,605-348-9221
233,603-685-5192
234,620-380-8264
235,813-261-9899
236,716-567-7079
237,510-839-4064
238,503-416-1257
239,903-799-0267
240,606-264-2588
241,509-859-2872
242,760-533-4460
243,315-218-5769
244,702-302-6679
245,573-291-0168
246,570-370-9072
247,989-917-3250
248,651-578-8128
249,614-250-3150
250,561-262-9948
251,203-906-3803
252,502-299-4580
253,606-514-4441
254,435-994-3510
255,307-719-3085
256,281-404-9379
257,740-978-7349
258,815-282-5321
259,562-345-3330
260,651-552-9051
261,574-263-7877
262,724-218-6692
263,508-264-3617
264,361-424-8862
265,530-468-2819
266,702-425-7028
267,804-345-1232
268,702-261-6959
269,413-748-9330
270,760-327-3435
271,407-259-8197
272,626-509-7290
273,530-846-6777
274,860-473-3698
275,906-281-7345
276,212-584-3209
277,408-980-7359
278,206-986-2632
279,512-212-4826
280,972-605-3983
281,662-548-7983
282,972-330-7933
283,313-227-3877
284,813-707-9760
285,734-864-9174
286,864-574-3592
287,510-759-1011
288,402-209-5745
289,302-295-2062
290,818-443-4322
291,269-423-5792
292,765-370-4824
293,260-994-8016
294,504-481-0947
295,937-342-2666
296,408-729-6932
297,562-418-6645
298,540-771-3604
299,864-349-5027
300,508-423-5668
301,815-332-1746
302,412-450-1187
303,845-434-6712
304,620-692-6267
305,347-406-4629
306,847-628-7556
307,770-980-0169
308,503-218-6245
309,707-421-1682
310,718-873-5627
311,815-262-0036
312,215-572-1122
313,773-635-0042
314,847-581-8202
315,865-295-2894
316,405-542-8814
317,713-925-1017
318,815-463-5916
319,320-340-3244
320,409-932-4112
321,478-247-4041
322,401-573-6896
323,260-997-5854
324,320-358-2703
325,985-292-8075
326,301-528-9523
327,217-921-1405
328,336-269-2471
329,302-578-7177
330,786-409-6385
331,740-773-3428
332,973-301-0498
333,434-757-2596
334,812-621-5033
335,603-863-4301
336,908-574-2252
337,714-307-6291
338,718-465-9106
339,520-594-4307
340,870-462-1687
341,941-346-4640
342,573-349-8644
343,334-227-9144
344,801-619-7431
345,443-497-9386
346,262-408-5970
347,956-650-4470
348,928-755-1933
349,484-210-6218
350,540-954-1369
351,831-726-5483
352,702-255-4089
353,626-571-9249
354,909-761-4688
355,602-604-7454
356,253-302-2930
357,801-897-5960
358,304-891-6865
359,336-358-6237
360,949-733-3542
361,703-308-8381
362,562-388-1530
363,208-699-6073
364,812-255-5639
365,915-773-7444
366,802-555-6357
367,916-631-3618
368,832-577-6952
369,347-570-1753
370,843-212-1984
371,979-844-6286
372,512-944-3287
373,720-348-3476
374,510-491-9867
375,917-836-1120
376,504-288-8219
377,614-206-3692
378,614-479-5835
379,609-971-5894
380,213-268-5973
381,806-733-5042
382,520-803-5498
383,414-817-5385
384,978-983-0080
385,765-716-5759
386,217-802-3617
387,412-215-9926
388,408-229-1378
389,616-316-0536
390,317-268-5256
391,407-770-9486
392,907-980-3445
393,903-533-8262
394,231-775-1975
395,347-953-5907
396,320-565-4548
397,917-500-8815
398,843-760-0959
399,417-553-1086
400,708-339-7279
401,505-373-6380
402,801-530-8610
403,502-460-4341
404,917-268-5708
405,920-594-6003
406,317-725-8976
407,863-526-9939
408,573-415-9151
409,603-233-4436
410,707-843-7976
411,612-319-5694
412,478-342-9530
413,214-938-6860
414,713-558-5172
415,325-465-9926
416,620-988-6123
417,843-832-7151
418,620-787-1987
419,973-914-1462
420,305-770-8965
421,863-368-0928
422,850-499-7438
423,440-238-4312
424,503-977-4379
425,313-453-5444
426,203-247-1699
427,860-917-4000
428,213-226-5368
429,315-916-3281
430,413-629-2124
431,207-842-7714
432,217-873-4586
433,949-830-1617
434,410-663-5205
435,203-905-5118
436,917-323-4408
437,812-775-1484
438,713-414-1126
439,503-659-4123
440,646-662-5973
441,469-667-3959
442,518-275-6126
443,202-546-2377
444,276-321-7296
445,501-909-6271
446,504-481-5705
447,708-568-9890
448,985-250-8315
449,219-567-7984
450,573-328-7507
451,615-733-6744
452,865-985-1560
453,937-631-2812
454,570-962-1394
455,317-416-5605
456,719-947-3974
457,631-205-9224
458,708-246-0974
459,620-234-9005
460,248-707-2045
461,239-264-8630
462,219-880-8659
463,434-205-5025
464,614-257-0947
465,517-918-1415
466,270-638-6384
467,432-652-9651
468,215-948-1005
469,619-632-8458
470,315-571-8059
471,817-499-7787
472,210-200-2741
473,910-434-7181
474,601-371-0935
475,484-764-9788
476,660-242-5443
477,734-769-4335
478,320-201-8495
479,302-279-9007
480,812-305-6624
481,714-675-3098
482,954-848-0275
483,281-718-0391
484,802-785-3653
485,701-309-7358
486,650-747-1343
487,218-475-7773
488,516-278-2018
489,336-841-5550
490,901-596-9661
491,843-493-7389
492,206-442-0351
493,847-605-6780
494,215-805-3411
495,301-305-1401
496,360-481-8459
497,228-388-3170
498,803-606-1137
499,918-237-5519
500,715-235-3812
501,618-623-3806
502,469-736-3301
503,785-580-0669
504,859-594-3586
505,308-446-8447
506,253-229-9547
507,845-230-8789
508,917-943-8870
509,310-638-4050
510,408-702-2016
511,229-725-0065
512,714-863-8633
513,360-593-8749
514,815-915-0712
515,952-545-3747
516,817-368-5826
517,303-684-8973
518,413-239-9475
519,904-482-2041
520,907-562-4854
521,309-314-7222
522,828-273-9231
523,701-693-5073
524,315-805-8848
525,650-995-1956
526,651-254-9468
527,212-576-1115
528,915-240-1542
529,260-348-3910
530,989-875-4781
531,715-305-7987
532,337-335-0656
533,415-448-3705
534,714-940-9583
535,530-664-7115
536,910-783-4881
537,516-885-5779
538,903-407-2030
539,570-601-8389
540,843-569-6775
541,267-243-8588
542,561-518-4812
543,831-677-7796
544,910-254-8005
545,713-650-4677
546,912-422-8858
547,610-319-8188
548,612-340-5229
549,970-481-0072
550,406-935-8576
551,916-943-1971
552,479-253-9534
553,720-884-7222
554,203-725-2004
555,229-387-2768
556,434-547-6775
557,713-539-7507
558,845-336-2596
559,815-829-8639
560,541-621-2796
561,847-986-4324
562,817-578-5208
563,773-771-4719
564,978-557-5095
565,541-569-3694
566,609-372-8040
567,601-635-7870
568,720-216-4259
569,216-431-8850
570,830-628-4845
571,423-428-1001
572,678-679-1631
573,215-983-2388
574,205-952-4496
575,510-302-0191
576,916-866-1930
577,989-563-0427
578,202-479-6343
579,559-947-7149
580,601-263-5422
581,307-878-8810
582,262-391-8495
583,845-465-2055
584,313-574-2633
585,410-249-1028
586,415-948-1023
587,630-727-9605
588,567-264-4682
589,910-989-9319
590,303-955-5340
591,772-221-0205
592,562-738-6160
593,610-357-3479
594,805-487-4913
595,703-995-3752
596,870-362-7962
597,501-987-5156
598,334-435-8204
599,843-861-7860
600,302-481-4785
601,701-475-5023
602,715-338-1324
603,620-908-4601
604,281-647-2928
605,626-677-5319
606,203-577-5766
607,979-323-2020
608,916-795-9976
609,478-636-0165
610,618-315-4274
611,646-525-8123
612,308-647-9716
613,518-736-0409
614,425-336-7989
615,512-559-2733
616,240-247-7622
617,303-202-6265
618,301-523-4229
619,484-624-2290
620,952-278-3043
621,678-640-7004
622,270-436-9903
623,540-980-5686
624,503-755-9620
625,415-746-1121
626,305-895-9000
627,201-726-5753
628,785-233-2021
629,574-255-4726
630,903-488-6293
631,618-463-0722
632,559-430-4271
633,410-393-0626
634,360-477-5974
635,361-438-1799
636,310-267-8726
637,816-222-7214
638,678-860-4632
639,660-684-1493
640,802-236-2232
641,267-239-0051
642,509-733-5789
643,908-890-9535
644,312-210-8850
645,361-653-2886
646,336-250-2206
647,859-919-9200
648,210-646-7875
649,828-877-7078
650,646-228-8604
651,720-480-3056
652,650-448-8799
653,405-368-2784
654,302-296-9722
655,313-267-2374
656,602-720-7289
657,972-534-9701
658,617-390-6855
659,240-336-3826
660,928-372-6708
661,504-314-4563
662,908-384-5540
663,812-279-3591
664,252-675-2990
665,408-590-0148
666,781-370-6794
667,540-333-8911
668,318-703-4901
669,717-938-9718
670,631-667-7590
671,352-759-2606
672,951-346-7492
673,949-321-3755
674,507-245-6329
675,908-301-7160
676,951-951-7704
677,434-963-1324
678,713-287-6792
679,304-802-7615
680,570-628-0446
681,508-530-4762
682,901-516-6086
683,443-885-4605
684,515-261-7764
685,706-820-8200
686,217-563-7051
687,248-873-9402
688,614-479-9030
689,972-909-0045
690,920-676-6589
691,310-878-0512
692,601-626-9522
693,218-299-3763
694,210-567-7612
695,208-286-2200
696,201-445-5748
697,443-283-9008
698,559-435-4846
699,212-372-3992
700,848-333-5200
701,508-382-1119
702,360-534-9747
703,602-423-1464
704,347-952-0252
705,509-880-0393
706,718-820-1302
707,757-320-3664
708,305-403-3577
709,402-493-7542
710,816-216-7600
711,863-528-7990
712,205-378-3113
713,937-367-7330
714,504-244-7644
715,304-355-1175
716,262-394-6849
717,212-618-8292
718,315-229-4543
719,231-460-5677
720,708-784-5714
721,214-246-5530
722,605-529-9521
723,901-854-5268
724,516-443-3599
725,318-657-5565
726,973-889-4325
727,910-565-3783
728,248-209-7502
729,281-996-8579
730,937-277-2425
731,831-443-8135
732,814-293-7420
733,301-715-2106
734,606-833-5361
735,971-227-8411
736,832-865-7102
737,940-390-1440
738,325-788-5344
739,330-397-7072
740,847-763-0474
741,520-615-1480
742,785-756-5411
743,609-496-6841
744,734-961-8219
745,870-581-9025
746,502-468-9594
747,408-730-4527
748,302-352-5063
749,586-260-8213
750,801-721-8507
751,814-544-3578
752,304-416-6987
753,703-603-5030
754,636-600-0617
755,937-587-6569
756,859-201-1622
757,507-896-2839
758,906-304-3504
759,956-324-3924
760,813-892-5196
761,408-730-2371
762,815-965-8361
763,605-638-2388
764,320-329-4383
765,309-732-8048
766,212-363-4173
767,928-651-2818
768,402-223-6634
769,781-843-7398
770,312-983-5418
771,704-558-5926
772,252-205-8717
773,407-498-0245
774,205-389-8591
775,920-275-8449
776,702-892-8649
777,609-257-0657
778,570-733-7359
779,917-274-1015
780,909-535-3054
781,973-843-9607
782,920-458-2065
783,706-693-0583
784,716-989-6304
785,623-748-8767
786,615-544-5807
787,701-357-7495
788,336-461-2469
789,763-234-4615
790,417-678-5281
791,501-772-2778
792,256-201-9796
793,206-558-4131
794,646-732-6997
795,218-531-8837
796,407-209-4496
797,913-432-5037
798,715-382-0232
799,804-966-5388
800,636-431-0186
801,972-602-8322
802,661-620-4483
803,972-659-3271
804,209-648-5282
805,607-267-0730
806,865-387-1211
807,904-669-8380
808,425-350-8605
809,708-377-4983
810,337-945-4223
811,650-786-2280
812,785-655-7212
813,585-324-4044
814,409-232-0386
815,978-399-1753
816,972-989-3284
817,201-754-9198
818,202-470-8205
819,716-283-4841
820,863-448-1834
821,865-272-7075
822,719-838-8054
823,208-425-5992
824,701-367-8573
825,651-558-4121
826,650-737-0163
827,323-318-4930
828,302-837-3456
829,916-921-1269
830,617-630-7103
831,206-254-5523
832,208-385-7763
833,706-847-1993
834,412-794-9416
835,606-517-1122
836,719-785-7153
837,225-658-1649
838,315-356-1296
839,608-856-3493
840,619-661-5140
841,785-254-3358
842,916-796-7301
843,803-791-4784
844,650-919-5638
845,917-507-2188
846,215-842-7523
847,617-897-3110
848,419-276-4054
849,941-569-8857
850,704-888-3016
851,662-873-7590
852,814-827-1237
853,903-967-4123
854,650-746-0841
855,815-213-6920
856,734-526-8946
857,727-210-7171
858,816-758-7963
859,509-548-4909
860,951-652-5202
861,314-206-7964
862,262-898-4006
863,608-550-9362
864,406-244-2101
865,812-635-2207
866,972-526-8862
867,860-587-0475
868,928-672-1967
869,858-626-6074
870,305-559-3022
871,805-455-5639
872,765-774-9393
873,251-928-2124
874,858-693-3881
875,815-822-6742
876,402-760-8606
877,203-741-8239
878,425-478-5313
879,440-965-2959
880,714-689-8242
881,610-981-8014
882,504-616-1205
883,603-778-7486
884,601-507-1241
885,228-285-2358
886,804-644-3474
887,304-577-0860
888,267-936-4834
889,301-644-3506
890,901-494-2126
891,540-588-0343
892,972-809-0330
893,412-682-9167
894,319-354-0343
895,413-785-2673
896,209-826-2792
897,310-824-6731
898,513-971-8137
899,254-442-4154
900,732-869-0198
901,317-885-9267
902,269-509-7108
903,360-748-5131
904,315-519-8448
905,563-613-3012
906,231-646-2268
907,410-758-9051
908,814-739-6441
909,425-552-8411
910,609-832-0627
911,323-255-2115
912,248-327-0656
913,615-538-7772
914,320-212-7002
915,609-484-1596
916,605-754-7319
917,601-464-6237
918,212-490-0443
919,978-927-5689
920,301-632-7051
921,231-428-9925
922,507-524-5569
923,360-868-3346
924,479-674-7083
925,719-742-3580
926,585-805-7469
927,208-341-4970
928,706-482-0612
929,845-708-0746
930,651-303-3465
931,971-217-5939
932,662-327-9421
933,251-847-4683
934,916-776-4074
935,765-236-5984
936,708-317-4248
937,314-341-3403
938,605-422-6587
939,561-217-4609
940,501-864-3186
941,828-659-9914
942,413-447-6052
943,209-870-7608
944,563-340-7606
945,334-346-9754
946,301-895-1153
947,860-791-6694
948,415-829-2385
949,503-485-8783
950,831-603-9056
951,865-405-2398
952,845-942-6893
953,831-722-5991
954,843-525-5760
955,307-226-7761
956,304-699-4294
957,717-953-7897
958,330-595-1516
959,302-514-9307
960,631-373-9858
961,319-437-3261
962,716-316-8726
963,510-361-3235
964,810-341-8594
965,216-648-9162
966,989-857-5163
967,682-502-9386
968,517-658-6108
969,718-509-5117
970,518-321-9087
971,248-223-2530
972,631-762-8701
973,214-812-4250
974,920-964-2591
975,203-735-1184
976,702-680-3603
977,865-482-1689
978,847-265-9425
979,606-693-6659
980,713-792-5414
981,336-349-3765
982,224-567-4957
983,803-505-7884
984,412-338-1226
985,650-964-8538
986,614-802-4885
987,559-906-6992
988,417-367-9203
989,315-707-1271
990,405-735-3956
991,352-481-3637
992,516-844-5407
993,937-852-9473
994,512-866-2668
995,914-310-9965
996,615-414-4768
997,214-289-1517
998,508-212-3108
999,432-224-0342
1000,256-534-9059
